First sentence;second sentence;5_experts ;44_experts;similarity;parahrase
׃ַׁ ֳָם ֵבל זה׃ ַבַָֹֽׁ.;׃ַׁ ֳָם ֵבל זה׃ ֳד׃.;4;3.64;s;p
ַװׁל דרם ָםַ ם ַבַױדֹ דרַה.;ַװׁל דרם דהׂבַ ם ַבַױדֹ דרַה.;3.8;3.43;s;p
ֳֿׁ ֳדרם ֳהר ֳָם ַה בל ֽר.;ׁ ֳדם ֳה ֳָם ַה בל ֽ.;3;3.05;s;p
בד םה בם ֽזבס ם ֵהַּׂ דַ ״בָו דהרם דֿםׁ ַבדױה.;בד םה בם ֹֿׁס ם ֵהַּׂ דַ ״בָו דהרם דֿםׁ ַבדױה.;3.4;2.8;s;p
ֳָֽר ַבּׁב ַבׁםד .;ֳׁו ַבּׁב ַבָ־םב .;2.4;1.68;s;np
ֳ״ל ַבדֿׁרָ ַבבדם׀ ֹׁ.;ֳ־׀ ַבבדם׀ ַבֹׁ דה ַבדֿׁרָ.;2.6;1.93;s;p
םָֽ ַב״ב ַבבָ ד ֳָהֱַ ּםבו.;םָֽ ַב״ב ַבבָ ד ֳַׁהו.;3;3.11;s;p
בַ םץָֽר׀ ֳה םבוז ַב״ב ֻםַׁ ַַׁ ַֿׁ׃ו.;בַ םץָֽר׀ ֳה םבָ ַב״ב ֻםַׁ ַַׁ ַֿׁ׃ו.;2.8;3.02;s;p
ו׀ַ ַבַדבץ ֳ׃ׁץ םף׃ףׁס.;ו׀ַ ַבַדבץ ֳײָ״.;2;1.5;s;np
ּב׃ ־ַבֿ ָֿ ֳה ֳֽ׃ר ַָבָ.;ֿ ־ַבֿ ָֿ ֳה ֳֽ׃ר ַָבָ.;2.4;3.32;s;p
ׁרד ַבדֿםֹׁ ַב״ַבָ זַב״ַבָֹ ַבדזרםה.;ׁרד ַבדֿםֹׁ ַב״ַבָםה ַבדזרםה.;3.2;2.86;s;p
ׁװ ַבב׃״םהםזה ַבֿזר ַבױוםזהםר  ַָבַֹּֽׁ.;ׁדל ַבב׃״םהםזה ַבֿז ַבױוםזהםר ַָבַֹּֽׁ.;3;3;s;p
׀זץ ַב״ַד זּֿו דַׁ.;ֽ׃ר׃ץ ַב״ַד זּֿו דַׁ.;1;2.41;ns;np
־ַױד ַבּׁב זױֿםו בל ֳדׁ ַו.;הַׂ ַבּׁב זױֿםו בל ֳדׁ ַו .;2.4;2.98;s;p
ַבדׁםהַ ַבׁםַײםֹ ױַַָֽ ץ׃צָ ַבּ׃ד בםַֹף.;ַבֿׁםַָ ַבׁםַײםֹ ױַַָֽ ץ׃צָ ַבּ׃ד בםַֹף.;3.4;3.48;s;p
ם ֻדַׁ ַבהר־םב ֶַֹֿ ָםֹׁ.;ם ַבדזׁ ֶַֹֿ ָםֹׁ.;3.4;3.2;s;p
ַבהָ ַבדץּ ב׀ם׀ ַּֿ .;ַבָׂםָץ ב׀ם׀ ַּֿ.;3.6;3.36;s;p
וםרֳ ַבֳד בַָהוַ ֽםָֹ ַב׃רׁ.;ּורׂ ַבֳד בַָהוַ ֽםָֹ ַב׃ׁ.;2.8;3.16;s;p
בָ׃ ַבַֹ ֻזַָ דה ַבױז.;בָ׃ ַבַֹ ֻזַָ דה ַב״ה.;2.4;0.91;s;np
םּֽר ַבדִדה ֵבל ַבֳדַה ַבדֿ׃ֹ ׁרַָ בבו.;םׂזׁ ַבדִדה ַבֳדַה ַבדֿ׃ֹ.;1.6;1.55;s;np
ֽׁרײ ַבב׃״םהםזה ֳוב ֹׂ בל ַבױדזֿ ם זּו ַבֿז.;ֻֽר ַבב׃״םהםזה ֳוב ֹׂ בל ַבױדזֿ ם זּו ַבֿז.;1.4;1.61;ns;np
ֽׁר ַבוזֱַ ֳזַׁ ַבװּׁ.;וׂר ַבוזֱַ ֳזַׁ ַבװּׁ.;3;3.2;s;np
ֽ׃ָ ַבײם ױַָֽ ַבָם ׁםדַ.;הר ַבײם ױַָֽ ַבָם ׁםדַ.;3.4;3.32;s;p
ֽ׃ָ ַבּׁב ֻדה דַ ַװַׁו.;ֳֽױל ַבּׁב ֻדה דַ ַװַׁו.;3;3.16;s;np
ֳׁם ּׁב ֽׂםהַ.;ֳׁם ּׁבַ ַֽׁ.;1.2;0.5;ns;np
ֳׁם ״בַ םׁײ ץַּו ַבװַ״ֶ.;ֳׁם ״בַ ם׃םׁ ץַּו ַבװַ״ֶ.;1.8;1.68;ns;np
ַװ ו׀ַ ַבֵדַד ֽםַֹ הל.;ַװ ו׀ַ ַבֵדַד ֽםַֹ ׁ.;1;0.52;ns;np
ֳײ ַָם ֻד װ הו ם ַֹ ַבדַֽײַׁ.;ֳײ ַָם ֻד ָֻֽ הו ם ַֹ ַבדַֽײַׁ.;3.2;3.27;s;p
ַװׁם ַב דה ַבץׁה.;ַװׁם ַב דה ַבד־ָׂ.;3.4;3;s;p
ו׀ַ ׁ׃ ֳָםײ ־ַב״ו ׃זַֿ.;ו׀ַ ׁ׃ ֳָב.;3.2;2.95;s;p
ו׀ו ׁ׃ זֶַדוַ ָםײֱַ.;ו׀ו ׁ׃ דץּֽרבֹ.;1.6;2.8;ns;p
ּבץ ַבָײַֹ ז ָײוַ ם ַבדױה.;ֿר׃ץ ַבָײַֹ ם ַבדױה.;2.2;3.16;s;p
ֳׁד  ױֿםץ דוהרֿע דוהרַֿ.;ֳׁד ױֿםץוץ דוהרַֿ.;1.8;2.52;s;p
ָץ ַבבױר ֵבל ֳה ֿ־ב ָםו.;בֽ ַבבױר ֵבל ֳה ֿ־ב ָםו.;3.2;3.23;s;p
ֽׁ ֶַָׁ ַָבדזףב.;ֽׁ ֶַָׁ ַָבֳ׃.;3.2;2.91;s;p
ֿ־ב ַבד׃ּֿ זַבֵדַד ַׁ.;ֿ־ב ַבד׃ּֿ זַבֵדַד ׃ַּֿ.;0.2;1.23;s;np
זײ ֽםָם בל ַבדהײֹֿ.;זײ ֽםָם בל ַב״ַזבֹ.;2.8;3;s;p
ױֿםם ַׁדם םָ ָםֿו ַבםדהל.;ױֿםם ַׁדם םָ ָםֿו ַבם׃ׁל.;0;0.45;ns;np
װ ד זַבֿ ׃הזַע ״זםבֹ.;װ ד ֳָם ׃הזַע ״זםבֹ.;3.6;3.59;s;p
ַבֳ׃ַ׀ דֽדֿ ׀ז בד ׂםׁ.;ַבדבד דֽדֿ ׀ז בד ׂםׁ.;3.2;3.16;s;p
ֿד ַב״ָםָ ד׃ַׁ בםַבּ ַבדׁםײ.;ֿד ַב״ָםָ ָ׃ֹׁ בםַבּ ַבדׁםײ.;3.6;3.43;s;p
ַ׃״ַ ֵהַּׂ ַבדב ָ׃ֹׁ.;ַ׃״ַ ֵהַּׂ ַבדב ד׃ַׁ.;3.4;3.27;s;p
ֳָֽ ֳה ֲב ַבַוֹ ָב ַב״ַד.;ֳָֽ ֳה ֲב ַבַֽ ָב ַב״ַד.;2.2;2.23;s;p
ַָ ַבַּׁ ַבָײַֹ ָֻדה ׂוםֿ.;ַװׁל ַבַּׁ ַבָײַֹ ָֻדה ׂוםֿ.;0.8;0.86;ns;np
ַָ ַבַּׁ דֽדרַֿ ֻזַָ ָֻדה ׂוםֿ .;ַװׁל דֽדֿ דה ַבַּׁ ֻזַָ ָֻדה ׂוםֿ .;2.8;2.82;s;p
זָ ַבװַם ַֽׁ .;זָ ַבװַם ַָֿׁ .;0.2;0.32;ns;np
׃םזה ַבַדַֽה םזד ַבֳֽֿ .;׃םזה ַבַדַֽה םזד ַבֱֳַָׁ .;0;0.23;ns;np
ֽױב ַבֿזֹׁ בל ָֹׁ ֳ׃ַ׀ דװַׁ .;ֽױב ַבֿזֹׁ בל ָֹׁ ֳ׃ַ׀ .;0.8;1.43;s;np
ַװׁם דםױַ בזהו ָםה ַבֳֽדׁ זַבֳׁׂ .;ַװׁם דםױַ בזהו ֳּׁזַהםר .;3;2.3;s;np
ו׀ַ ּׁב בַ ַָב״זםב זבַ ַָבױםׁ .;ו׀ַ ּׁב ׁףָתףֹס .;3.2;2.86;s;p
׃ׁ ַבזבֿ ַבַּּׂ.;ַבזבֿ וז דה ׃ׁ ַבַּּׂ.;3.2;3.39;s;p
ָײ ַב״בַָ דּוֿזה.;בם׃ ב ַב״בַָ דּוֿםה.;3.6;3.16;s;p
ַַָׁוםד וז ַָה ֿהַה.;ֿהַה וז ַָה ַַָׁוםד .;0.2;0.61;ns;np
׃ׁ ַבזבֿ ַבַּּׂ.;ַבַּּׂף ׃ׁו ַבזבֿץ.;3.4;3.45;s;p
׃ַׁ ׂםֿ זַבהוׁ ֳד׃.;דװל ׂםֿ זַבהוׁ ֳד׃.;3.6;3.2;s;p
ֳֿׁ דַ זב.;ֳֿׁ ַב״ַׁ.;0;0.45;ns;np
ֿ־ב דֽדֿ ַבֹּֽׁ ָָ״ֱ.;ָָ״ֱ ֿ־ב דֽדֿ ַבֹּֽׁ.;3.4;3.59;s;p
ַװׁם בם דה דֽדֿ ֲבֹ ַָֹ.;ַָ דֽדֿ בם ֲבֹ ַָֹ.;3.6;2.89;s;p
בם ֿבםבם.;ֿבםבם בם.;3.4;3.34;s;p
ֱַּ ־ַבֿ ַבַָֹֽׁ דֳ־ַׁ.;ֱַּ ־ַבֿ דֳ־ַׁ ַבַָֹֽׁ.;3.6;3.5;s;p
ּׁ דׁז ֵבל ַבָם ם ׃ַֹ דֳ־ֹׁ דה ַבבםב.;ם ׃ַֹ דֳ־ֹׁ דה ַבבםב ּׁ דׁז ֵבל ַבָם.;3.4;3.5;s;p
םֳׁ ֻםׁ דה ַב״בַָ ַבדּבַ ַבֳָֿםֹ.;ֻםׁ דה ַב״בַָ םֳׁ ַבדּבַ ַבֳָֿםֹ.;3.6;3.55;s;p
ֵהדַ םָֽ ַב״ב ַבבָ.;ֵהדַ ַב״ב םָֽ ַבבָ.;3;3.48;s;p
ֱַּ ֳ־ם.;ֱַּ ֳ־ם זֽֿו.;2;2;s;p
םֽׁד ֳ׃ַ׀ם ׂדבֶַם.;םֽׁד ׂדבֶַם ֳ׃ַ׀ם.;0.4;1.18;ns;np
ֿזה ַבַָ ֳַׁו.;ֿזה ַבַָ.;0.4;1.75;ns;np
ַֽ׀ׁ םֿ זַב׃םה.;םֿ זַב׃םה.;3.4;2.61;s;p
ֳׁ׃ ַבב דַַֹֿׁ ַבהַ׃.;דַֹֿׁ ַבהַ׃ ֳׁ׃ ַבב.;3.4;2.89;s;p
ֳָּהם דַ ַװׁםו.;ֳָּהם ַב׀ם ַװׁםו.;3.4;3.3;s;p
־ּׁ ֵ׀ַ ַבד״ׁ םו״ב.;־ּׁ ֵ׀ַ ַבד״ׁ.;2.6;2.8;s;p
דֽדֿ ֳׁ ַבֿׁ׃.;ֳׁ דֽדֿ ַבֿׁ׃.;3.4;3.52;s;p
ֳׁם ַבַָֹֽׁ ּׁבַ ַֽׁ.;ֳׁם ַבַָֹֽׁ ּׁבַ ד׃ׁזַׁ.;3.2;3.34;s;p
ּב׃ ּׁב בל ַבדֿ.;ּב׃ ּׁב והַ.;1.4;1.91;s;np
ם׃ׁהם ֵַׁד ַבײם.;ם׃ׁהם ֳה ׁד ַבײם.;3.6;2.95;s;p
׃ףצֿף ַבֳָץ ָזרצ ַָהו.;׃ףצֿ ַבֳָץ ֳָהת םזר ַָהץו.;3.2;3.11;s;p
ֳב ַבׁדַה זַה ״דו ֽבזַ ַֽדײַ.;ֳב ַבׁדַה זַה ״דו דׂרַ.;2.8;2.07;s;p
־ַבֿ ַבׁםד.;־ַבֿ וז ַבׁםד.;3.2;3.2;s;p
ׂםֿ ׁםד.;ֵה ׂםַֿ ׁםד.;3.6;3.27;s;p
זם ַבֹֽׁץ ַבײבַצ.;זם ַבײבַצ ַבֹֽׁץ.;3.6;2.16;s;p
הֿםד ד׃ַׁ.;ד׃ַׁ הֿםד.;3.8;2.89;s;p
ּׁב ׁםד ם ַבָם.;ם ַבָם ּׁב ׁםד.;3.8;3.34;s;p
ַדב ַבַּׁ.;ַדב ַבַּׁ ־בםבַ.;1.2;2.18;ns;p
ַֿׁל ָה״ַבַ זַֿׁל דםױַ.;ַֿׁל ָה״ַבַ זדםױַ.;3.8;3.39;s;p
ָ ױםֹֿ.;ָ ֳהַ ױםֹֿ.;3.8;3.45;s;p
ֳבד בד ַּוַֿףהַ.;ֳבד בד ֳההַ ַּוֿהַ.;2.2;3.07;s;p
םָֽ ַבוזׁ.;םָֽ ֳה םוׁ.;3.6;3.2;s;p
ֱַּ ֳָזֽױ.;ֱַּ ֳָז ֽױ דׁ.;3;2.95;s;p
־ַבֿ הװם״.;הה ־ַבַֿ הװם״ַ.;0.2;1.36;ns;np
ו׀ַ בױר דֽׁ.;ַה בױַ דַֽׁ.;1;1.89;ns;np
ָ ַבֿׁ׃.;ֿ ָ ַבֿׁ׃.;3.8;3;s;p
דֽדֿ םָ.;דֽדֿ ַבֲה םָ.;3.6;2.82;s;p
ֱַּ ־ַבֿ.;דַ ֱַּ ֵבַ ־ַבֿ.;2.4;2.36;s;p
ַדב ַבהַ׃ דַ ָֽ ֳה םַדבז.;ַדב ַבהַ׃ דַ ָֽ ֳה ַדב.;3.8;3.36;s;p
ֳה ַׁײ זֳהַ ַׁײ.;ֳה ַׁײ זֳהַ.;3.6;3.2;s;p
ֱַּ ־ַבֿ ַַָׁ.;־ַבֿ ֱַּ ַַָׁ.;3.4;3.55;s;p
ֳׁם ־ַבֿ ַבַָֹֽׁ.;ֳׁם ־ַבֿ ַבםזד.;0.4;0.5;ns;np
דֽדֿ ֱַּ דֳ־ַׁנ ה ַבדַֽײֹׁ.;דֽדֿ דַ ֱַּ דֳ־ַׁ ה ַבדַֽײֹׁ.;0;0.73;ns;np
׀וָ דֽדֿ ֵבל ַב׃ז.;ֵבל ַב׃ז ׀וָ דֽדֿ.;3.8;3.48;s;p
ַֿ ־ַבֿ ֵבל ַבָם ָב ׃ַֹ.;ָב ׃ַֹ ֵבל ַבָם ַֿ ־ַבֿ.;3.6;3.52;s;p
םַ בם ַָב;בם ¡ ֳָב.;3.4;3.39;s;p
םׁד ַבדףׂזׁץ ײםו.;בד םׁד ַבדׂזׁץ ײםףו.;0;0.43;ns;np
׀וָ דֽדֿ ֵבל ַב׃ז.;׀וָ ֵבל ַב׃ז דֽדֿ.;3.8;3.64;s;p
ַָ דֽדֿ ם ַבהֿ.;הַד דֽדֿ ם ַבהֿ.;3.6;3.25;s;p
דַ ַבֳװַּׁ דֻדֹׁ.;בם׃ ַבֳװַּׁ דֻדֹׁ.;3.8;2.48;s;p
ֳ׃ֶבֹ ַבַדַֽה ׃ובֹ .;ֵה ַבַדַֽה ֳ׃ֶבו ׃ובֹ.;3.8;3.48;s;p
ַװׁם ֿםזַה װזם זֿםזַה ַֽ.;ַװׁם ֿםזַהםה.;2;2.36;ns;p
ֳַ ׀זם ַבדוַֹׁ.;ֳַ ֳױַָֽ ַבדוַֹׁ.;3.8;3.39;s;p
ֽײׁ ַבֳָ זַבֳד ֵבל ַבֽב.;ֽײׁ ַבֳָזַה ֵבל ַבֽב.;3.2;3.39;s;p
ֳה דה ֳדזַב.;ֳה ָײ ֳדזַב.;3.8;3.59;s;p
דםׂ ַבֳדׁ ַב־ָםֻ דה ַבֳדׁ ַב״םָ.;דםׂ ַב־ָםֻ דה ַב״םָ.;3.6;2.66;s;p
׃ד ֳהםֹ.;׃ד ֳהםֹ ּדםבֹ.;1.2;2.11;ns;np
דה ַּוַֿ הּֽ.;ָ׃ָָ ַּוַֿ הּֽ.;3.6;3.16;s;p
ו׀ַ ַבֿׁ׃ דםֿ.;ו׀ַ ַבֿׁ׃ זֶַֿו ּדרֹ.;3.6;2.82;s;p
ד הם ָו׀ַ ַבֳדׁ.;ד ָֿבַ דהרם ָו׀ַ ַבֳדׁ.;3.8;3.36;s;p
װַוֿ ׃םַֹׁ ׃ׁםֹ.;װַוֿ ׃םַֹׁ ׃םׁ ָ׃ֹׁ.;2.6;3.36;s;np
ַבַָ  ם ַבֽםָֹ.;ַבַָ ַֿ־ב ַבֽםָֹ.;3.8;3.48;s;p
ֶּ ם ֳׁד.;ֶּ  ֽל ֵַׁד.;3.6;3.02;s;p
םֽׁד ַבהַ׃ ַבַֹ ַב־בזֹ.;םֽׁד ַבהַ׃ ַבַֹ ַבם רױ ַָב־ב ַבֽ׃ה.;3.6;3.39;s;p
ו׀ַ הװםֿ ׃וב.;ו׀ַ הװםֿ ׃ובֹ ֳבַו.;3;2.75;s;p
ה ַַָֻנ בל דַ ֳה בםו.;ה דַ ֳה.;1.8;2.59;s;p
ו׀ַ ַבַָ דםֿ.;ֵהר ו׀ַ ַבַָ דםֿ.;3.4;3.41;s;p
׃וׁ ֽל ״בז ַבּׁ.;׃וׁ ֽל ַבּׁ.;3.4;3.11;s;p
דַ ַּוֿ ״ַבָ דה ַּוַֿ ֵבַ ַֽבו ַבהַּֽ.;דַ ַּוֿ ״ַבָ ֵבַ ַֽבו ַבהַּֽ.;3.4;3.18;s;p
דׁׁ ַָ־ם.;דׁׁ ֳָ־ם ַֿב.;1.6;2.3;s;p
דַ ַֿ ַבַּׁ ָָֽׁ.;דַ ַֿ ַבַּׁ ַַָֽׁ.;2.8;2.91;s;p
ֳֽײׁ ַַָ.;ֳֽײׁ ַָ ַבֱַֹׁ.;1.2;2.2;s;np
דה ם׃ָ ֵבל ׂםַׁם ֵה ֳה זֵה ֳ־ז ֳוֿו וֿםֹ.;דה ם׃ָ ֵבל ׂםַׁם דהדַ ֳוֿו וֿםֹ.;3.6;2.68;s;p
הֽה ֳהם ַבד׃בדםה דזֽֿזה.;הֽה ַבד׃בדםה דזֽֿזה.;3.6;3.2;s;p
ֵה ב ָדב בַ ױׁ םו.;ֵה ב ָדב ֳהו.;3.4;3.02;s;p
ֳׁם ַבד׃ָבםה םבזֽזה ֳָםֿםוד.;ֳׁם ַבד׃ָבםה ּדםוד םבזֽזה ֳָםֿםוד.;3.6;3.14;s;p
־׀ דַ ֳה דַּֽ ֵבםו.;־׀ ַב׀ם ֳה דַּֽ ֵבםו.;3.8;3.55;s;p
ַהװׁ ַב־ָׁ ם ַבַבד.;ַהװׁ ַב־ָׁ ם ַבַבד בו ֳּד.;3.6;3.18;s;p
ֵה ֻֽֿ ָ׃ׁ בַ װצו.;ֵה ֻֽֿ ָ׃ׁ ַדו.;3.6;3.32;s;p
ַֽׁד ַבהַ׃.;ַֽׁד ַבהַ׃ הםוד זםׁוד.;3.2;2.61;s;p
דׁׁ ַָבֶׁם׃.;דׁׁ ַָבֶׁם׃ ה׃ו.;3.2;2.98;s;p
ױַֿ ַבױֶַֿ ַבַׂב.;ױצםֿף ַבַׂב.;2;2.75;s;p
ֽ ַבױםֹֿ.;ֽ ֳהַ ה׃ם ַבױםֹֿ.;3;3.16;s;p
דה םֽׁד םֽׁד.;דה םֽׁד ַבהַ׃ םֽׁדו ַבבו.;2;2.89;s;p
ֽׁ ַב׀ם הַב ַבֶַֹּׂ.;ֽׁ ַבֶַׂ.;2.4;2.68;s;p
הֽה הָֽ ַבבד.;הֽה ַב״בַָ הָֽ ַבבד.;2.4;2.66;s;p
׃ׁהם ּׁז ׃ַבדַ.;׃ׁהם ֳה ּׁ ׃ַבדַ.;3.4;3.23;s;p
ֳׁׂ ַבֳ׃ֿ.;ֳׁׂ ַבֳ׃ֿ ֶׂםַׁ.;3;3.25;s;p
ױַָֽ ַבֽב ם ַבֽב.;ם ַבֽב ױַָֽו.;4;3.45;s;p
ֳה ַּׁ.;דַ ֳה ֵבַ ַּׁ.;3;2.8;s;p
ַבװַׁ הֹׁ.;ֵהדַ ַבװַׁ הֹׁ.;2;3.2;s;np
בזבַ ַבֿבםב דזּזֿ בוב ַבַבֹ.;בזבַ ַבֿבםב בוב ַבַבֹ.;3.8;3.36;s;p
ּהל ַבבַֽ ַב״ה.;ּהל ַב״ה ַבבַֽ.;3.8;2.55;s;p
ֿד ַבֽםַֹ.;ֿד ַבֽםַֹ ֿדַ ׃ׁםַ.;2.8;2.2;s;p
ֽײׁ ַבזד .;ֽײׁ ַבזד ּדםַ.;2.8;2.55;s;p
ֻֽׁ ױַָֽ ַבֽב ַבֽב.;ֻֽׁ ַבֽב ױַָֽו.;3.8;3.18;s;p
ֳַ ַבדבד.;ֵםַ ֳַ ַבדבד.;1.8;2.41;s;np
ֳה׀ ֳ־ז ַבׁם.;דַ ֳה׀ ַבׁם ֵבַ ֳ־ז.;2.8;3.18;s;p
םװֽׁ ַבדבד ַבֿׁ׃.;םװֽׁ ַבֿׁ׃ ַבדבד.;3.8;3.27;s;p
ּׁ ַבֿז ַבוׁם.;ּׁ ַבֿז דהוׂדַ.;0.6;2.41;ns;np
ֽײׁ ַבֶַֿ ָׂםו.;ֽײׁ ַבֶַֿ ָׂםו ַב׃ׁם.;2.4;3.02;s;p
־ּׁ ז״בז ַבװד׃.;־ּׁ ד ״בז ַבװד׃.;3.8;3.48;s;p
ו׀ַ ַדב ז״ה.;ו׀ַ ַדב ז״ה הװם״.;2;2.09;ns;np
ֳָב ַבהַּֽ זזּוו דוברצבַ.;ֳָב ַבהַּֽ ַֽׁנ.;3.6;2.98;s;np
דׁׁ ַָבֿםַׁ ־ַבםֹ.;דׁׁ ַָבֿםַׁ ־ַזםֹ.;2.4;3.34;s;p
ֱַּ ַבד׀הָ ד׀ַׁ ה ׀הָו.;ֱַּ ַבד׀הָ הַֿדַ.;1.2;2.52;s;np
ֳהזַ דבד.;םַ ֳםוַ ַבדַב ַהזַ דבד.;2.2;2.39;s;p
ֳֿז ַבַֹ¡ ַּוֿם;םַ ַֹ¡ ַּוֿם;3.2;2.8;s;p
בַ ודב זַָּ.;בַ ודב זַָּ םַ דֽדֿ.;2.6;2.27;s;p
ַבֳ״ַב הֶַדזה.;בב ַבֳ״ַב הֶַדזה.;0.8;1.86;ns;np
ם ַבֳדׁ בָ׃.;בב ם ַבֳדׁ בָ׃ַ.;0.8;1.98;ns;np
ַבובַב ז׃.;ֳה ַבובַב ז׃.;2.4;2.14;s;p
ַבױֿ דהַֹּ.;בם׃ ַבױֿ דובַ.;2.6;2.93;s;p
ֵה ֳ־ַ ז׃״ ַבָ׃ַה.;ֵה ז׃״ ַבָ׃ַה ֳ־ַ.;3.6;3.36;s;p
בד ֳה ז ַבױה ָבָבַ.;בד ֳה בל ַבױה ָבָבַ.;3.8;2.86;s;p
ַבֳ־םַׁ ֶַׂזה.;ַבֳ־םַׁ דץׁרָזה.;1;1.43;s;np
׃ׁהם הַּֽ.;׃ׁהם ֳהר הַּֽ.;3;3.39;s;p
בה םבָ ַבָׁ דַַֿדז דֽֿםה.;בה םבָ ַבָׁ דַַֿדזַ דַ.;3.4;3.48;s;p
ֳױָֽ דֶַבַ.;ױׁ דֶַבַ.;3.2;3.25;s;p
ַבבדם׀ דִָֿ .;ֳױָֽ ַבבדם׀ ׀ַ ׃בז ּםרֿ.;0.8;2.25;ns;np
דַו׀ַ בדַ .;בם׃ ו׀ַ בדַ.;3.8;2.39;s;p
בַ ֳֽֿ ם ַבױ.;ַבױ ־ַב.;3.8;3.55;s;p
ַב׀בםב ׃םֿ.;ַב׀בםב ָֿ.;0;0.5;ns;np
בב ״בַָ ַבױ דזּזֿםה ם ַֹ ַבד״ַבָֹ .;בב ״בַָ ַבױ ם ַֹ ַבד״ַבֹ .;3;2.32;s;p
ַָֿ ָׁ דַֿד ֽםַ.;ַָֿ ַָׁ ֽםַ.;2.8;1.93;s;p
ֳױָֽ ַב״ֶַֹׁ ז ַב׃ַָֽ.;ֳױָֽ ַב״ֶַֹׁ בל ַב׃ַָֽ.;3.6;2.66;s;p
בם ַב׀ם ׃ַׁ םזֿ .;בם ַבד׃ַׁ םזֿ.;2.8;3.39;s;p
בַ םַׂב ַבדַב דַָֻׁםה בל דבוד .;בַ םַׂב ַבדַב דּוֿםה.;2.2;3.07;s;p
ַבדוהֿ׃ַה דַוׁ .;בַ ַבדוהֿ׃םה דַוׁ .;3.8;2.64;s;p
׃ׁ ם װזַׁ ׃םֹֽ.;׃ׁ ם װזַׁ זַ׃ֹ.;3.8;3.27;s;p
וִבֱַ ַבֳ״ֱַָ דַוׁזה.;וִבֱַ ַבֳ״ֱַָ ַָׁזה .;3.4;3.2;s;p
ֱַּ הֶַָ ַבדֿםׁ .;דֱַַּ ַבדֿםׁ בה הֶַָו .;2.6;3.27;s;p
׃ד ׁםֿ ַבָבָב .;׃ד ַבָבָב .;3.4;3.11;s;p
ֳב ַוֹ הַײֹּ .;ֳב ַוֹ ד׃זםֹ .;3.6;3.25;s;p
ֳֿל ַבדדֻבזה ֳֿזַׁוד ַָָֹׁ .;ֳֿל ַבדדֻבזה ֳֿזַׁוד ֵַָה .;3.8;3.3;s;p
זּרו ַבַׁם ֵבל ַבדׁל .;׀וָ ַבַׁם ֵבל ַבדׁל .;3.4;3.32;s;p
ד ֵּבַבַ בבײם .;ד ַַֽׁדַ בבײם .;3.4;3.34;s;p
׃בד בל ֳ־ם .;׃בד בל ֳ־ם ה׃ו .;3.4;3.23;s;p
ם׃ׁ ַבֳָ ַָבֵָה ַבהַָו .;ם׃ׁ ַבֳָ ַָבֵָה ַב״ה .;3.2;3.02;s;p
װ ם בַד ַבװַוֿםה.;װ ם בַד ַבװַוֿםה בםודַ.;3;3.2;s;p
ם ַבׁםֹ ד׃ּֿ.;ם ַבׁםֹ ד׃ּֿ זַֽֿ.;2.2;2.61;s;p
ֳׁד ַבדּֿ.;ֳֻה בל ַבדּֿ.;2.8;2.16;s;p
׃ד ױז בַה.;׃ד בַהַ.;2.6;2.75;s;p
ַהם ״ֶַׁםה.;ַװׁם ״ֶַׁםה.;3.6;2.98;s;p
בַ ֳב ַבַוֹ םׁ ַבהַײֹּ.;בַ ֳב ַבַוֹ ֹּ.;2.8;3.25;s;p
דׁׁ ָױֱַֽׁ דזֽװֹ.;דׁׁ ָױֱַֽׁ ־ַזםֹ.;2.2;2.59;s;p
׃ד ױזַ דֿזרםַ.;׃ד ױזַ דּבּבַ.;3.2;2.45;s;p
זהזַ םַֿנ זַֹֽֿ זׂזַ.;ַֽֿזַ זׂזַ.;3.6;3.23;s;p
ֶָ׃ ַב־ב ַב׀ָ.;׃ֱַ ־בַ ַב׀ָ.;3.2;2.98;s;p
דַ ֳֽ׃ה ַב׃דֱַ ! .;דַ ֳֽ׃ה ֹׁׂ ַב׃דֱַ ! .;1.2;2.18;ns;np
דַ ֳּדב ֳה םזה ַב״ַבָ דּוַֿ ! .;דַ ֳּדב זה ַב״ַבָ דּוַֿ ! .;3.4;3.32;s;p
ַבֱַַָ ׁ׃ב ַבׁ .;הֽה ַבֱַַָ ׁ׃ב ַבׁ .;2;3.27;s;np
ֳב ַב״ַד ז װָׁ ַבױםׁ .;ֳב ַב״ַד ז ַבױםׁ .;3.8;3.05;s;p
ֳַ ַבדבד ַבהַּֽ .;זֶ ַבהּֽ .;2;2.84;s;np
ז ַבױה ױזׁ .;ױזׁ ז ַבױה .;3.8;3.45;s;p
ֳה װַׁ.;דַ ֳה ֵבַ װַׁ.;2.6;2.95;s;np
׃בז ַבבדם׀ ּםֿ .;ַבבדם׀ ׃בזו ּםֿ .;3.8;3.57;s;p
ַבַֽׁ׃ ם ַבֽֿםֹ .;ם ַבֽֿםֹ ַבַֽׁ׃.;3.2;3.34;s;p
דה םּוֿ םהּֽ .;ַב׀ם םּוֿ םהּֽ .;3.6;3.41;s;p
בםר ם ַבָם.;ֵהדַ בם ם ַבָם.;3;3.25;s;np
װָׁ ַבװַם ׃ַ־הַ .;ֳֻׁ װָׁ ַבװַם ׃ַ־הַ .;2;2.05;s;np
ֳָֽ הַּֽ.;ֳָֽ ֳה הּֽ.;3.2;3.16;s;p
דַ ׁ ַב״ַבָ ַבַּוַֿ .;דַ ׁ ַב״ַבָ ֵבַ ַבַּוַֿ .;0.4;1.2;ns;np
םּוֿ ־ַבֿ ״בַָ בבז .;״בַָ בבז םּוֿ ־ַבֿ .;3.8;3.48;s;p
הוזײ דה ַבהזד ד ״בז ַבּׁ דםֿ .;הוזײ דה ַבהזד ַּׁ דםֿ .;3.4;3.3;s;p
ם״זב ַבבםב ם ױב ַבװֱַ .;ם״זב ַבבםב װֱַ .;3.4;3.41;s;p
׃ֳׂזׁ ם ַב׃ַֹ ַבַֻבֹֻ ַבםזד .;׃ֳׂזׁ ם ַב׃ַֹ ַבַֻבֹֻ דה ָֿ וׁ ַבםזד .;3;3.05;s;p
״ַָ ַבדַה.;״ַָ וזֱַ ַבדַה .;2;2.18;s;np
ֳהַ ֳֻׁ דה בדַ .;בדם ֳֻׁ דה בד .;3.8;3.5;s;p
ֽ׃ה ֳָֿ דֽדֿ.;ֽ׃ה דֽדֿ ֳַָֿ.;3.4;2.77;s;p
ׁ׃ װּׁ ַבֳׁײ .;ׁ׃ ַבֳׁײ װַּׁ.;3;2.68;s;p
דַ ֳד דה ַָ .;דַ ֳד ַַָ.;3.2;3.18;s;p
ֽײׁ ַב״בַָ זַָ דֽדֿ .;ֽײׁ ַב״בַָ ֵבַ דֽדַֿ.;3.8;3.5;s;p
ַָ ֳ־ז.;דַ ַָ ֵבַ ֳ־ַ .;2.8;3.05;s;p
ֳׁם דֽדַֿ ״.;דַ ֳׁם םׁ דֽדֿ.;3.8;3.5;s;p
ֽײׁ ַב״בַָ בם׃ בםַ.;ֽײׁ ַב״בַָ ֵבַ בםַ.;3;2.68;s;p
ַָ ַב״ַבָ ׃ַוַׁ.;׃וׁ ַב״ַבָ בםבַ.;1.8;3.18;s;p
ַבד״ׁ םהודׁ.;דַ ַׂב ַבד״ׁ דהודַׁ.;2.8;3.02;s;p
ב ַבֳדׁ דבַ .;ב ו׀ַ ַבֳדׁ דבַ .;3.6;3.27;s;p
דַַׂב ַבהַּֽ ד׃ׁזַׁ .;דַַׂב ַב׀ם הּֽ ד׃ׁזַׁ .;3.6;3.45;s;p
ַה ַבבדם׀ ׃בזו ּםֿ .;ַה ַבבדם׀ ּםַֿ .;1.2;2.98;s;np
ַבדםֿ ם ַבבםֹ.;ַה ם ַבבםֹ דםֿוַ .;1.8;2.73;ns;np
ם ׃ָםב ַבֽׁםֹ םוזה דַ םָ׀ב זבז ַה ַבדָ׀זב ֳׁזַַֽ.;ם ׃ָםב ַבֽׁםֹ םוזה דַ םָ׀ב זבז ֳׁזַַֽ.;3.8;3.34;s;p
ֵה בד בזַ װםֶַ ובד.;ֵה בד בזַ ובד .;2.8;3.11;s;p
הֽה הָֽ ַבזֱַ .;הֽה ַבָׁ הָֽ ַבזֱַ .;1.2;2.43;s;np
ֽ ַבױםֹֿ .;ֽ ַבױםֹֿ ַֽ .;3;3.16;s;p
ַֿׁ ַבבַָ ֽזב ַבדבָ .;ַֿׁ ַבבַָ ֽזב ַבדבָ ֿזׁםה .;1.8;2.09;s;p
׃ׁ ָ׃ֹׁ .;׃ׁ ׃םׁ ַבּבַה .;2.2;2.93;s;p
ֳֽםםד ֽםֹ ״םָֹ .;ֽםֹ ״םָֹ .;3.4;3.14;s;p
ַױָׁ ױַָׁ ּדםבַ .;ױַָׁ ּדםבַ .;3.4;2.91;s;p
ֿד ַבֽםַֹ ֿרדַ ׃ׁםַ .;ֿד ַבֽםַֹ ׃ׁםַ .;3.4;3.41;s;p
בַ ֳב ַַֽׁ ַב״ַד .;בַ ֳב ַב״ַד ַַֽׁ .;3.8;2.86;s;p
׃ַׁ ַבּׁב ד׃ַׁ .;ד׃ַׁ ׃ַׁ ַבּׁב.;3.8;3.41;s;p
דײל ַבֿז םּׁ ֳ׀םַב ַב־םָֹ .;דײל ַבֿז דהוׂדַ .;3.2;2.84;s;p
ַױ״ ַבּהזֿ ׃םזוד דװוזֹׁ .;ַױ״ ַבּהזֿ דֽׂםה.;2.2;2.39;s;p
דב דדַׂ .;ו׀ַ דב דדַַׂ .;3.4;3.27;s;p
דֽדֿ הֿ ײםַ .;הֿ דֽדֿ ײם .;2.4;2.32;s;p
ַבדזײז ם ׀והו זַײַֽ .;ַבדזײז זַײֽ .;2.2;2.48;s;np
םַ דֽדֿ בַ ױׁ ם ֱֳַֿ זַָּ .;בַ ױׁ ם ֱֳַֿ זַָּ .;1.8;2.3;s;np
וםַ דֽדֿ ַב .;דֽדֿ ַב .;3.2;3.3;s;p
םַ ַב ַב־םׁ ֳָב .;םַ ַב ַב־םׁ ַב .;3.6;3.23;s;p
םַ ״ַבָ ַבבד ה דַּֿ .;םַ ״ַבָ ַבבד ַּוֿ .;3.6;2.93;s;p
םַ װַוֿם ַבײםֹ בַ דַ ַבֽםֹ .;םַ װַוֿם ַבײםֹ ַױַֿ .;3;3;s;p
םַ ַַָׁ ַבַֹּֿׁ זהַ ֽ׀ׁםה .;םַ ַַָׁ ַבַֹּֿׁ זהַ דהָוםה .;3.8;3.27;s;p
םַ ּׁב ׃ַֿהם.;םַ ּׁב ־׀ ָםֿם.;3.8;3.07;s;p
־׀זַ ּזֶַׂד  םַ ֳםוַ ַבֶַׂזה .;ּזֶַׂד םַ ֳםוַ ַבֶַׂזה .;3;2.98;s;p
םַ ־ַבֿ ָה דֽדֿ ַּוֿ .;םַ ־ַבֿ ַּוֿ .;2.8;2.82;s;p
ֶּ ַבל ַבַּדֹ ״בַָ בבבד .;ֶּ ַבל ַבַּדֹ בֳבד .;3.8;3.32;s;p
ז ֵּבַבַ בבדבד .;ז ַַֽׁדַ בבדבד .;3.6;3.3;s;p
הַזב ַבדׁםײ ַבֿזֱַ ָֹׁ ם ַבװֱַ .;הַזב ַבדׁםײ ַבֿזֱַ בםװל .;3.6;3.27;s;p
םּוֿ ־ַבֿ ״בַָ בבז .;םּוֿ ־ַבֿ בםז .;3.8;3.32;s;p
װַ ֳה ַבַבד ם־ָׁ ָהֱַ ַבֳדֹ .;װַ ־ׁםָ ָהֱַ ַבֳדֹ ַָבבד .;3;3;s;p
ׁ ַהױַׁ ַבֽ.;ׁ ֳה ַבֽ םהױׁ .;3.4;2.95;s;p
׃ֱַ ַב׃ם ָםה ׂדבֶַ ַָבהדםדֹ .;׃ֱַ ֳה ׃ל ָםה ׂדבֶַ ַָבהדםדֹ .;3.4;3.25;s;np
ם׃ׁ ַבדׁ ַ׃דַ ַבהַ׃ ֵבםו .;ם׃ׁ ַבדׁ דַ  ַ׃ד ַבהַ׃ ֵבםו .;2.6;3.02;s;np
םּׁל זׂ ַב״ַבָ .;םּׁל ֳה םזׂ ַב״ַבָ .;3.8;3.36;s;p
ַבדב ״ׁם ַבדּֿ .;ַבדב ַהד ״ׁם ַבהַּֽ .;3.2;2.43;s;np
ֳ״ל ַבדבד ַב״ַבָ ַבֶַֹּׂ.;ֳ־׀ ַב״ַבָ ַבֶַֹּׂ .;3.2;2.55;s;np
ֳ״ל ַבבו דֽדַֿ זבַֿ.;ׁׂ ַבבו דֽדַֿ זבַֿ.;2.8;3.36;s;p
ם׃ד ַבַב ַבהרױםֹֽ .;ֵהדַ ם׃ד ַבהױםֹֽ ַבַב .;3;3.45;s;p
ַֿ ַבַָׁה ַב׃םהֹ.;ַֿ ַב׃םהֹ ַָׁהוַ.;3.4;3.23;s;p
ֳׁ בם ַָו.;ֳׁ ַָו בם .;3.8;3.41;s;p
דַ ַד ֵבַ והֿ .;דַ ַד ֳֽֿ ֵבַ והֿ .;3.6;3.43;s;p
ֳׁד ָדֽדֿ זֳד ָו .;ֳׁד ָדֽדֿ זֳד .;3.8;3.27;s;p
דה ״ַָ ׃ׁםׁו ֽדֿ ַבהַ׃ ׃םׁו .;דה ״ַָ ׃ׁםׁו ֽדֿ ׃םׁו .;3.8;3.3;s;p
״ ַבָ׃ַהם ַבׂוֹׁ .;״ ַבׂוֹׁ .;2.2;2.45;s;np
ֳ־ּׁ ַבֽד ַבבַָ .;ֳ־ּׁ ַבֽד ַבבַָ דה ַבדבָ .;8.8;2.89;s;p
ַ׃־ּׁ ַב״ַבָ ַבּזַָ .;ַ׃־ּׁ ַב״ַבָ ַבּזַָ דה ַבַָ .;2.2;2.61;s;np
הױ ַבדַב .;הױ ַבֶַָ ַב״ַבָ ֿםהַַׁ .;1.2;1.68;s;np
ֿז ױֿםם םַ ֳ־ם .;ֿז ױֿםם¡ ֳ־ם.;2;3.11;s;p
ץהףװרצ״ ַבהרַֹ ַבּ׃ד .;הװר״ ַבהרַֹץ ַבּף׃ףֿ .;3.8;3.3;s;p
׃ַ״ ַבֻבזּ ז ַבַָּב .;ז ַבַָּב ׃ַ״ ַבֻבזּ .;3.8;3.64;s;p
ׂםהֹץ ַבזבֿע ַבֳֿףָץ .;ֵהר ַבזבֿ ׂםהו ַבֳָֿ .;3.2;3.48;s;p
ַבַֽׁ׃ ־ב ַבַָָ.;ַה ַבַֽׁ׃ ־ב ַבַָָ.;1.4;2.39;s;np
ֳ׃ֶבֹ ַבַדַֽה ׃ובֹ.;בברף ַבַדַֽהף ֳ׃ֶבו ׃ובֹ.;2;2.07;s;np
ם׃ׁרהם ״ַ.;ם׃ׁרהם ֳהר ד״ם.;3.4;3.11;s;p
םִבדהם ֹֻׁ ַבַָׁ.;םִבדהם ֳהר ַבַָׁ ֻםׁ.;3.4;3.32;s;p
ֳדהרל ״בז ַבדׁ.;ֳדהל ֳה ם״ב ַבדׁ.;3.8;3.52;s;p
הץױֽ ַבױרֿםף ֳײב.;ֳהת הױֽף ַבױֿםף ֳײב.;3.8;3.34;s;p
ַבװרֽ ָ־ב ָדַב םׁצ.;ַבװֽר ֳה ָ־ב ָדַב םׁ.;3.8;3.34;s;p
ָׁץ ם ׃ׁו.;ָׁ ם ֳה ם׃ַׁ.;3.8;3.2;s;p
ַב ַבדרוד: ֳהַ ָׁםֱ.;ַב ַבדרוד: ֵהרם ָׁםֱ.;3;3.27;s;p
ֳַֿׁ דֿםׁ ַבדֿׁ׃ֹ ַ־ַָׁם.;ֳַֿׁ ַבהרַׁ ֳה ם־ָׁהם.;3.8;2.45;s;p
בַ ב: ַבדב דָ.;בַ ב: ֵהר ַבדב װַר.;3.6;3.16;s;p
ׁ ַב״ָםָץ ַבֱַֿף.;ׁ ַבֱַֿף ַב״ָםָץ.;2.4;3.09;s;p
־װם ַבהרַ׃ץ ָׁרףו.;־װם ָׁרףו ַבדָרצֿץ.;3.6;2.95;s;p
ֿר ַבַׁם הדו.;ַֽױל ַבַׁם הדו.;3.2;3;s;p
ֳׁ ַב״ַבָ ַבֿׁ׃.;ֳׁ ַב״ַבָ ַבֿׁ׃ דׁרםה.;1.8;2.25;s;np
״זל ַבַָץ ַבׁ׃ַבֹף.;״זל ַבׁ׃ַבֹף ַבַָץ.;3.8;3.41;s;p
ֳָֿ ַב״ַבָ ֵָבֱַ ַבױםֹֿ.;ֳָֿ ַב״ַבָ ֵבֱַ ַבױםֹֿ .;3.6;3.52;s;p
׃ֶד ַבׂרֶַׁזה ַבַהַׁ.;׃ֶד ַבײרםז ַבַהַׁ.;3;3.05;s;p
׃ֶד ַבׂרֶַׁזה ַבַהַׁ.;ַבׂרֶַׁזה ׃ֶדזַ ַבַהַׁ.;3.6;3.43;s;p
ָֻׁ ַבוזֱַץ ַבזׁף.;ָֻׁ ַבזׁ.;1.2;2.41;ns;np
ֿ ַבדֱַ ַב׃םהֹ.;ַהֿ ַב׃םהֹץ.;2;2.5;s;np
ףוצד ַבבדם׀ץ ַבֿרׁ׃ף.;ץוצד ַבֿרׁ׃ץ.;2.8;2.55;s;p
ׁ ַבּהֿםרץ ַבׁרַםֹ.;ַׁ ַבַׁםֹץ.;2.4;2.52;s;np
״דֳהף ַב״ָםָץ ַבדׁםײף.;ַ״דֳהרף ַבדׁםײץ.;1.8;2.66;s;np
ֳ״ֳ ַבבַֽץ ַבדױַָֽף.;ֳץ״צֶף ַבדױַָֽץ.;1.6;2.27;s;np
ֳ־ָׁ ַבׁ׃זבץ ַבדבף ַבֳדםׁף ַֿדַ.;ֳץ־ָׁף ַבדבץ ַבֳדםׁ ַֿדַ.;2.2;2.59;s;p
־ּׁ ַבׁרּבץ דה ַבָם.;־ּׁ ַבׁרּב דה ַבָם דֶַָ.;0.4;1.93;ns;np
ײַ ַבַָ.;ײַ ַבַָ ַבַָֹֽׁ.;2.2;2.23;s;np
־ַ ַבּׁב דה ֿזרו.;־ַ ַבּׁב ֿזרו.;3.4;2.98;s;p
ֽ ַבבַד ַבֲׁה.;ֽ ַבבַד ַבדױֽ.;3.8;3.55;s;p
ַב ַבזַױ ַבֳװַּׁ.;ַב ַבׁםַֽ ַבֳװַּׁ.;3.4;3.02;s;p
ֳ׀הַ ַבֽױַה ױםַׁה.;ַבֽױַה ֳ׀הַו ױםַׁה.;3.2;3.43;s;p
׃ׁ ַבבױ ַבדַ.;׃ׁ ַבבױ ַבדבַָ׃.;2.2;2.34;s;np
ֽײׁ בםר.;בד םֽײׁ בםר.;0;0.5;ns;np
ֽײׁ ַבֳױֱַֿ.;ֽײׁ ַבֳױֱַֿ ֵבַ בםרַ.;1.4;1.45;s;np
ַָ בםר.;ֽײׁ ַבֳױֱַֿ ֵבַ בם.;3.2;3.11;s;p
ֳׁ ַבַָ.;ֳׁ ַבַָ ֵבַ ױֽםה.;1.2;1.64;ns;np
ֽ ַבֳׂוַׁ.;בד ֽ ַבֳׂוַׁ.;0;0.48;ns;np
ֽ ַבֳׂוַׁ.;בד ֽ ַבֳׂוַׁ ֵבַ ׂוֹׁ ַבָה׃ּ.;0.8;0.7;s;np
ֽ ׂוֹׁ ַבָה׃ּ.;בד ֽ ֵבַ ׂוֹׁ ַבָה׃ּ.;2.6;3.02;s;np
׃בד בל ַבַֿדםה.;׃בד בל ַבַֿדםה םׁ ׃םֿ.;1.4;1.86;s;np
ֿ־בץ ׁ ַבָם.;ֿ־ב ֹׁ ַבהרזד.;0.8;1.61;s;np
׀ָֽ ַבּׂרַׁ ַבהד.;׀ָֽ ַבַּׁׂ װַֹנ.;2;2.95;s;p
ׁׂ ד׃ַּֿ ַבדֿםהֹ.;ׁׂ ד׃ַּֿ ַבׁםֹ.;1.4;1.82;s;np
ַׁל ַבץדַׁה.;דַ ַׁל ַבדַׁה ָםׁ ַבבד.;1.6;1.8;s;np
ֽײׁ ַבֳױֱַֿ ַבזבםדֹ.;ֽײׁ ַבֳױֱַֿ ּדםוד ַבזבםדֹ.;3.4;3.27;s;p
ׁר ַבבױזױ.;ׁר ַבבױזױ ׃זל זַֽֿ.;1.4;1.91;s;np
ו׀ַ ׃ַֽב םד.;ו׀ַ ױֿם םד.;0.6;1.09;ns;np
זײ ַב׃ּׁ בל וׁ ַבַָֹֿ.;זײ ַב׃רּׁ בל ־ם״ ַבַָֹֿ.;1.4;2.36;s;np
ם״ם ַבדװםץ ַבּ׃ד ֿצֶַ.;ם״ם ַבדזֿ ַבּ׃ד ֶַֿ הֿ ַבַַָׁ דהו.;0.8;1.18;s;np
ּב ַבָֽב בל ה ַבַָֹֿ.;ּב ַב׃ּׁ בל וׁ ַבַָֹֿ.;0.8;1.07;s;np
וׁ בם ֳהר ַבזם בױֿםם ׁםרַה.;וׁ בם ֳהר ַב־ם״ בױֿםם ׁםרַה.;0.4;1.23;ns;np
ֿ ַבױרָם ֻו ַָבֲ־ׁםה.;ֿ ַבױֿם םדו.;0.2;1.61;ns;np
הבם הֿ ַבױרָם.;הבם הֿ ַבוםֹׁ.;0.8;1.16;ns;np
׀ׁהם ו׀ו ַבַָ׃ַדֹ ָױֿםם ֳ׃ַדֹ.;׀ׁהם ו׀ו ַבׁםֹ ָױֿםם ֳ׃ַדֹ.;0.8;1.05;s;np
הבם ָֿ ַהוֱַ ז ַבוׁ.;הבם ָֿ ַהוֱַ ז ַבױםַד.;0.8;0.84;ns;np
ֻׁ זֳהַ בל בל װַ״ֶ  ַבָֽׁ בל ֳ׃ ֻדםהֹ.;ֻׁ זֳהַ בל װַ״ֶ ַבָֽׁ בל ֳבדַ׃ ֻדםה.;0.6;1.75;s;np
ּב׃ ַָבָׁ דה ַבװם־ .;ּב׃ ַָבָׁ דה ַבײׁםֽ .;0;0.86;ns;np
ם׃דב ָײ ַב״בָֹ ֳױַָו ם ֵםַּֿ הַּ ַבּד .;ם׃דב ָײ ַב״בָֹ  ַבַֽ׃ָֹ ם ֵםַּֿ הַּ ַבּד .;0;1.61;ns;np
ַ׃דב ו׀ו ַבֳַֹֿ בבװָׁ.;ַ׃דב ו׀ַ ַבֽֿ בבװָׁ.;1.4;2.61;s;np
םָֽר ַבֳ״ַב ַבײרֽצ ֻםַׁ.;םָֽר ַבֳ״ַב ַבםֿ ֻםַׁ.;0.2;1.16;ns;np
ו׀ו ַבַּׁםֹ ־בזֹ .;ַבַֹ ו׀ו ־בזֹ ַּֿ .;0.2;1.75;ns;np
ֳֽ׃ר ַבד׃בדזה ָדֹ ַבױרםַד .;ֳֽ׃ ַבד׃בדזה¡ ו׀ַ ַבַד¡ ָדֹ ַבםֿ;0.2;0.7;ns;np
׃ַׁ ֵבל ָםׁז ַָבַֽבֹ .;׃ַׁ ֵבל ָםׁז ָז׃םבֹ הב ַָֹ בװֹׁ ַבּׂםֹׁ.;1.2;2.11;s;np
ֳׁם ם װם־ ׁםהַ ֽצדֹ.;בד ֳׁף ֽדֹ ם ֽםד ׁםהַ.;0.2;0.98;ns;np
ֳה ַֹ ֶַֹׁ ז׀םרֹ.;ֳה ֳ־ ֶַֹׁ ז׀םֹ.;1.8;2.55;s;p
בַ זל ַבַֹּּֿ בל ַב״םַׁה ַבםַ.;זל ַבֽדַדֹ בל ַב״םַׁה ם ֳַבם ַב׃דֱַ.;0.2;0.86;ns;p
ױֿ ֵבל ַבבר דַַׁׁ זַַׁׁ.;ױֿ ֵבל ַבָּב דַַׁׁ זַׁׁ.;1.4;2.43;s;np
״רב ַבָׁרַֿ ׃ֿ ַב״רַד .;״רב ַבָׁרַֿ ׃ֿ ַב־ײַׁזַ .;1.4;2.66;s;p
ֵהרו בַ םֳב ֵבַ ַב־ײַׁ .;ֵהרו הַָםר .;3.2;3;s;p
ו׀ַ ַבד׃ַׁ  בַ םֳב ֵבַ ַב״רַּׂ דה ַב־ײַׁ.;ו׀ַ ַבד׃ַׁ בַ םֳב ֵבַ ַב״רַּׂ דה ַב״ַד.;1.6;2.45;s;p
ַַב ַבָֿ ׃םֿו ַָב׃ד.;ַַב ַבַּׁםֹ ׃םֿוַ ַָב׃דר.;0.8;2.23;s;np
בֳּ ַבד־ַױדַה ֵבל ׃םֿ ַבָםבֹ בֽבר ַבהַׂ ָםהודַ.;בֳּ ַבד־ַױדַה ֵבל װם־ ַבָםבֹ בֽבר ַבהַׂ ָםהודַ.;3.4;3.23;s;p
םהױֽ ַבֳ״ֱַָ ַבדׁײל ַָבדװם.;בַ םהױֽ ַבֳ״ֱַָ ָײ ַבדׁײ ַָבּׁם.;1;1.82;ns;np
׃דב ַבַָֽב ם ׃בר ַבַָּב.;בַ ׃דב ַב־םז״ ם ׃בר ַבַָּב.;0.8;1.8;ns;np
ד ום ֶַֹׁ ַַָ ּבזה !.;ד ום ֶַֹׁ ֳַֽׁװ ּבזה !.;3.6;3.27;s;p
ו׀ַ ַבװַׁ ַבםב׃ז.;ו׀ַ ַבװַׁ ַבֽםד.;1.8;2.41;s;np
ַה דרַׁ דה דׁם ַבָׁ.;ַה ֽםדַ דה ֽדֱַ ַבָׁ.;2.2;2.02;s;np
ֳהוםהַ ַבַ׃ַַֿֿ ַב־ַױֹ ַָבֽׁבֹ.;ֳהוםהַ ַבַ׃ַַֿֿ ַב־ַױֹ ַָב׃ׁ.;2.4;2.84;s;p
ֳוֿל ֵבל ׂזֹּ ֳבדַ׃ַ ֻדםהַ.;ֳוֿל ּזוֹׁ ֻדםהֹ ֵבל ׂזּו.;2.4;2.86;s;p
ֿֿ ׃ַה ַבׁםֹ ָםׁ.;ֿֿ ׃ַה ַבדֿםהֹ ָםׁ.;1.2;1.66;s;np
ֽםַֹ ַבׁם וֶַֹֿ.;ֽםַֹ ַבׁםֹ וֶַֹֿ.;3.6;2.7;s;p
ַ׃דב ַבװזֹ ם הַזב ַב״ַד.;ַ׃דב ַבדבֹ ם הַזב ַב״ַד.;1.8;1.55;s;np
זײ ַבדז ױֿםַ בל װוַֿם ַבַּדםֹ.;זײ ַבדז זםַ בל װוַֿם ַבַּדםֹ.;2;2.64;s;np
ו׀ו ַבװוַֹֿ דץױֿרֹ ָ־ד ַבזַֹׁׂ.;ו׀ו ַבװוַֹֿ ד־זדֹ ָ־ד ַבזַֹׁׂ.;2.4;3.07;s;p
װָׁץ ֳ׃ַ דה ַבדֱַ.;װָׁ ַֽֿ דה ַבדֱַ.;2;3.16;s;p
דַ ׂב ױָםַ.;דַ ׂב ל.;3.4;2.95;s;p
׃ֶַ ַבַֽבֹ ם׃ד ֵבל םׁזׂ ױַַָֽ.;ם׃ד ׃ֶַ ַבַָױ ֵבל םׁזׂ ױַַָֽ.;3.6;3.57;s;p
םֻׁ ם ו׀ו ַבדֿםהֹ ַבדװז׀זה.;םֻׁ ם ו׀ו ַבדֿםהֹ ַב׃ֽףֹׁ.;3.2;3.02;s;p
םֿרם ו׀ַ ַבדװז׀ ַהרו ַֿׁ בל ױה ַבדַּׂ.;םֿרם ו׀ַ ַב׃ַֽׁ ֳהרו ַֿׁ בל ױה ַבדַּׂ.;3.2;3.2;s;p
ם ָׁ ַבױַָֽם ַבּבםב דַ׀ ָה ָּב ם ַבװזהֹ ַבװדַבםֹ.;ם ַבװזהֹ ַבװדַבםֹ ם ײׁםֽ ַבױַָֽם ַבּבםב דַ׀ ָה ָּב.;3.6;3.34;s;p
ַ׃דב ַב״ָםָ ֳַֹֿ ַֹֽֿ ם ֱֵַּׁ ַבדבםֹ.;ַ׃דב ַב״ָםָ ז׃םבֹ ַֹֽֿ ם ֱֵַּׁ ַבדבםֹ.;3;3.25;s;p
ַבֳֿזַ ַבבםדםֹ ם׃רׁ בל ַב״ַבָ וד ַבֿׁ׃.;ַבז׃ֶַב ַבבםדםֹ ם׃ׁ בל ַב״ַבָ וד ַבֿׁ׃.;3.6;2.82;s;p
בַ ֳָֽר ַבײֽ ֻםַׁ.;ֳװ ַבַָ׃ַדֹ ם זּו דה ֳַׁו.;0.6;0.95;ns;np
ֳָֽר ַבַָ׃ַדֹ.;בַ ֳָֽר ַבײֽ.;0.6;1.32;ns;p
ֳֽׁד ַבֳ׃ַ׀ ַב׀ם םץֿׁ ב ַב״ַבָ.;ֳֽׁד ַבדבד ַב׀ם םֿׁ ב ַב״ַבָ.;3.6;3.41;s;p
ו׀ו ַֹֽ ַב״ׁם .;ו׀ו ַֹֽ ַבַָ .;0.4;0.98;ns;np
ו׀ַ ־ַד דױהז דה ַבײֹ.;ו׀ַ ־ַד דה ַבײֹ.;3.6;3.43;s;p
ַװׁם ׃ַֹ דׁױרֹ ַָב׀וָ.;ַװׁם ׃ַֹ דׁױרֹ ַָבדַ׃.;1.2;1.57;ns;np
ַ׃דב ַבֲבֹ ַבַֽ׃ָֹ ם ֱֵַּׁ ַבדבםַ ַבֽ׃ַָםֹ.;ַ׃דב ַבַֽ׃ָֹ ם ֱֵַּׁ ַבדבםַ ַבֽ׃ַָםֹ.;4;3.52;s;p
ַ׃ֳב ֳוב ַבׁםֹ ה ׀ב ַב׀זָ.;ַ׃ֳב ַבׁםֹ ה ׀ב ַב׀זָ.;3.8;3.43;s;p
זֿֿ הׂזב ַבד״ׁ.;זֿֿ בז םהׂב ַבד״ׁ.;3.8;3.05;s;p
װַוֿץ ַבדהׂב.;װַוֿ ַבדהׂב זוז םהוַׁ.;0.4;1.52;ns;np
׃ַ ַבבו ׃םַ זַׁ ַבבו ׁםֹ.;׃םַ ז ׁםֹ.;3.2;2.73;s;p
ַױָׁ ױַָׁ בל ַבדׁײ.;ױַָׁ בל ַבדׁײ.;3.6;3.09;s;p
ַֽ׀ׁ ַב׀ָ ַֽ׀ׁ ַב׀ָף.;ַב׀ָף ַב׀ָף.;3.2;3.3;s;p
ַבבוד ֳהׂב בםהַ ֽׁדֹ דה הֿ.;ַבבוד ֽׁדֹ דה הֿ.;3.6;3.34;s;p
ַֽ׀ׁ ַבֳ׃ֿ ַֽ׀ׁ ַבֳ׃ֿ.;ַבֳ׃ֿ ַבֳ׃ֿ.;3.2;3.18;s;p
ֳׁל ַבװַוֿ דָׁ ַבּׁםדֹ ֲׁו ַבװַוֿץ.;דָׁף ַבּׁםדֹ ֲׁו ַבװַוֿץ.;3.4;3;s;p
ּב ּֿזב דַֽײַׁם בר םזד.;ּב ּֿזב דַֽײַׁם םזדםרנַ.;3.8;3.3;s;p
םזָּ בם ֽבר זַַָּ.;םזָּ בם ֳה ֽבר זַַָּ.;3.8;3.52;s;p
ױ ַבֿז ֹׂ.;ױ ַבֿז ֹׂ ׃ֽׁ בםבֹ ַבםֿ.;1.8;2.07;s;np
ֿ דה ַב׃ׁ.;ֿ דה ַב׃ׁ ַבַָֹֽׁ.;1.8;2.18;s;np
ֳׁ ׃זֹׁ ַבָֹׁ זֲב דַׁה םזד ַבֱֳַָׁ.;ֳׁ ַבׂוַׁזםה םזד ַבֱֳַָׁ.;4;3.18;s;p
םֽ׀ׁ ַבֳ״ֱַָ ַבהַ׃ דה ַב׃רׁ זַבדבֽ.;םֽ׀ׁ ַבֳ״ֱַָ ַבהַ׃ דה ַבֳָםײםה.;4;3.34;s;p
ַֿ ױַָֽ ַב׃םַֹׁ ַב׃םַֹׁ.;ַֿ ַב׃םַֹׁ ױַָֽוַ.;3.6;2.34;s;p
וַזה ַב״ַבָ ם ֽב זַַָּו   ַָו ַבֳ׃ַ׀ .;וַזה ַב״ַבָ ם ֽב זַַָּו זצָ.;2.8;3.18;s;p
ֳׁ ַב״ַבָ ַבֿׁ׃ף.;ץֶׁ ַבֿׁ׃ץ.;1.4;2.82;s;np
ַ׃ֿ ַב״ַבָ בבד׃ַָֹ.;ַ׃ֿ ַב״ַבָ ֳָֿזַו בבד׃ַָֹ.;3.4;2.8;s;p
ם ׀דם םדםה ֳה ֳײם ַבֿרםה.;ם ׀דם ֳה ֳײם ַבֿרםה.;3.6;3.02;s;p
ױָׁם ױָׁ ּדםב.;ױָׁס ּדםב.;3.2;2.7;s;p
ַב׀ם ׃ׁ ַבָה ׃םַָ¡ זַב׀ם ׃ׁ בםו ׃םַָ;ַב׀ם ׃ׁ ַבָה ׃םַָ¡ זַב׀ם ׃ׁ בםו.;4;3.72;s;p
ֳװ בל ַב״ב ַבד׃םה. הד¡ זֳװ בל ֳדרו;ֳװ בל ַב״ב ַבד׃םה. הד¡ זבל ֳדו;4;3.83;s;p
ױַׁ ַב״ב װַַָ¡ זױַׁ ַבװַָ װם־ַ;ױַׁ ַב״ב װַַָ¡ זַבװַָ װם־ַ;4;3.78;s;p
ֵה ֽבבץ ַבד׃ֳבֹ ֶַ זֵה בד ֳֽבוַ בַ ֶַ .;ֵה ֽבבץ ַבד׃ֳבֹ ֶַ זֵבַ בַ .;4;3.23;s;p
בַ ֳָ׃ בם .;בַ בם .;1;2.32;ns;np
ַ־׀ ױֿםם ַבבד ׃בַַֽ¡ זַ־׀ו ֳהַ זַּוֹ; ַ־׀ ױֿםם ַבבד ׃בַַֽ זֳהַ זַּוֹ;3;3.5;s;p
הה ַבד׃ֳבֹ ׃ובֹ ֵ׀ַ ום ױָֹ .;הה ַבד׃ֳבֹ ׃ובֹ ֵ׀ַ ום .;2;2.14;s;p
ֵה ׁׂו ַובף ַבׁד ּֿ .;ֵה ׁׂו ֳוב ַבׁד .;3;2.84;s;p
ַ״בָזַ ַבֽׁםרֹ זַבזֹֽֿ .;ַבֽׁםרֹ זַבזֹֽֿ .;3.2;2.57;s;p
בַ ודב ַבבֹ ַבָׁםֹ בַ ץודבוַ .;ַבבֹ ַבָׁםֹ בַ ודבוַ .;3.4;3.11;s;p
ֳ״דו ַבבֽד ז ׃םו ַבבָה .;ֳ״דו ַבבֽד זַבבָה .;3.8;3.2;s;p
דװל ַב״ב בל װַ״ֶ ַבָֽׁ דװםַ ׃ׁםַ .;דװל ַב״ב ׃ׁםַ .;1.4;2.23;ns;np
׃ץׁרף ַבֳָ ָהַּֽ זבֿו ׃ׁזַׁ םדַ .;׃ׁר ַבֳָ ָהַּֽ זבֿו ַֽׁ םדַ .;3.6;3.43;s;p
װַוֿ ַב״ב דהַׁ דַׂ ֿ׃ר ֳׁ׃ו ־זַ¡ זוָׁ ֳ־זו ־ַּׁ ַבֹׁ ־זַ;װַוֿ ַב״ב דהַׁ דַׂ ֿ׃ר ֳׁ׃ו ־זַ¡ זוָׁ ֳ־זו ־ַּׁ ַבֹׁ.;3.2;3.63;s;p
־ּׁ בםר ם ַבַּדֹ ז־ּׁ דה ָֿו .;־ּׁ בםר ם ַבַּדֹ ז־ּׁ דה ָֿץ .;3.2;3.27;s;p
ֶּ ָב ֳםר דהד .;ֶּ ָבַ .;3.6;2.89;s;p
דַ ַֿ ַבד׃ַׁזה ֵבַ ד׃ַׁ .;דַ ַֿ ֵבַ ד׃ַׁ .;4;3.11;s;p
םַ בם¡ ֳה ױֿם ֽדםד;בם ¡ ַה ױֿם ֽדםד;3.8;3.65;s;p
ֿ־ב ַבדבד בל בַדם׀ו ֽׁרָ ָוד ֶַבַ: ױַָֽ ַב־םׁ .;ֿ־ב ַבדבד בל בַדם׀ו ֽׁרָ ָוד: ױַָֽ ַב־םׁ .;3.8;3.48;s;p
ֳו׀ַ דה ָבו ֽףףדַ .;ֳו׀ַ דה ָבף ֽדַ .;3.8;3.32;s;p
ַּׁ ַבֿזר דהוׂדַ .;ַּׁ ַבֿזר ַבוׁל .;2.4;2.7;s;p
ַֿ ַבַָה בזַבֿו ַָבֽׁדֹ ֶַבַ: ֽׁדו ַבבו .;ַֿ ַבַָה בזַבֿו ַָבֽׁדֹ ֶַבַ: ֽׁדו ַבבו .;4;3.63;s;p
ַב״ֶַֹׁ דזּזֿ ז ַבװֹּׁ .;ַב״ֶַׁ ז ַבװֹּׁ .;3.8;3.05;s;p
ָהל ַבױזׁ בל ַבװֹּׁ ָםַ .;ָהל ַבױזׁ בל ַבװֹּׁ װַ .;3.8;3.2;s;p
ֳָֿ ָײ ַבד׃ב׃בַ ׂז זב ַבװַָָ זֳַׁוד .;ֳָֿ ָײ ַבד׃ב׃בַ ׂז זב זֳַׁ ַבװַָָ .;4;3.45;s;p
בד׀ בל םֿ ַבד םד .;בד׀ בל םֿ ַבד ֳםר ַבד .;2.8;2.95;s;p
ַָ ם ו׀ו ַבדָֹ ַבָ .;ַָ ם ו׀ו ַבדָֹ ַבָ ַבּֿםֹֿ זַבד׃דבֹ .;2.8;2.45;s;p
ד׀ ֳםַד ֳׁ ַַָ דםַֿ .;ד׀ ֳםַד ֳׁ ַָֻֽ דםַֿ .;1.6;2.05;s;np
םֿׁ ַבּׁב ם ַבד׃װל .;םֿׁ ַבּׁב ם ַבָׁ .;0;0.73;ns;np
ֳׁל דׁ װם־ַ ד׃הַ בַ םזל בל ַבדװם .;ֳׁל ֳָז בםֻ װם־ַ ד׃הַ בַ םזל בל ַבדװם .;1.2;2.5;s;np
ֳׁ ַבָֻֽ .;ֳׁ ַבָֻֽ ַבָֻֽ .;3.4;3;s;p
זײ ַבַֹּּֿ ם ַבׁה .;זײ ַבַֹּּֿ ם ַבד־ָׂ .;2;2.09;s;p
םַבּ ו׀ַ ַבֿזֱַ ֻםַׁ דה ַבֳדַׁײ ַבד׃ױםֹ .;םַבּ ו׀ַ ַבׁםַ ֻםַׁ דה ַבֳדַׁײ ַבד׃ױםֹ .;3;3.32;s;p
ױֿ ַבד׃ב ַבָּב .;ױֿ ַבּֽׁ ַבָּב .;0;1.5;ns;np
זײ ַבַֹּּֿ ם ַבׁה .;זײ ַבֽדַדֹ ם ַבׁה .;1;1.48;s;p
ַה ַָהֹ ַֽד ַב״ֶַם ׁד ַבײם .;ַה ַדֳֹׁ ַֽד ַב״ֶַםר ׁד ַבײם .;0.4;1.61;ns;np
ַבֳ־ ׃הֿ ב .;ַבׁםָ ׃הֿ ב .;0.2;2.09;ns;np
םָׁם ַבדַׁׂ ַבֳַָׁ ם דׁׂו .;םָׁם ַבדַׁׂ ַבֽםזַהַ ם דׁׂו .;1.2;2.5;s;p
ױַֿ ַבױםרַֿ ֽדַדֹ .;ױַֿ ַבדַׁׂ ״םַׁ .;1.8;2.25;s;p
ֳױָם ִבדהם ֻםַׁ .;םֿם ִבדהם ֻםַׁ .;1.2;1.55;s;p
זײ ַבבד ז ַבַָ .;זײ ַבַָ ֽ ַבבד .;3;2.82;s;p
ָֿ ַבֽׁדה ַבַָה ַבֳָׁ .;ָֿ ַבױָזׁ ַבַָה ַבֳָׁ .;1.2;1.37;ns;p
ָֽר ֳ־ם ַבױםֹׁ ַבׁהב .;ָֽר ֳ־ם ַבױםֹׁ ַבֳׂוַׁ .;1.8;1.84;s;p
ַָׁ ֳ־ם ַּום ־״זםה .;ֿרד ֳ־ם ַּום ־״זםה .;3.6;3.25;s;p
ַָׁ ַָה דם דה ֵױַָֹ ַבוֿ .;ֿרד ַָה דם דה ֵױַָֹ ַבוֿ .;2.2;3.07;s;np
ץהל ָײ ַבדִ׃׃ַ ָ״זםׁ דזםוַ .;ץהל ָײ ַבדִ׃׃ַ ָהדםֹ דזםוַ .;3.2;3.16;s;p
ׁ׃ָ ַב״ַבָ ם ַבַדַֽה ַבװזםר .;ׁ׃ָ ַב״ַבָ ם ַבַדַֽה ַבֽׁםׁםר .;1;2.11;s;np
ֿרד בבֽױזב בל ׁ־ױֹ ַב׃זַֹ .;ֿד בבֽױזב בל ׁ־ױֹ ַבםַֹֿ .;3.2;3.36;s;p
בם ֳ־ז ׃דםׁ .;׃דםׁ ֳ־ז בםר .;4;3.43;s;p
והֿ ַָהֹ ַָֽׁ .;ַָֽׁ ֳד והֿ .;4;3.55;s;p
ׁ׃ד ַָהם ֶַֹֿׁ .;ׁ׃ד ַָהם װבַ והֿ׃םַ .;1.8;2.68;s;p
ׁץׂ ֳ־ם ָ׀ׁ .;ׁׂ ֳ־ם ֳָהֻל .;0.8;1.05;ns;np
 ֵָֿׁ װדַב ַבַױדֹ דַה .; ֵָֿׁ װׁ ַבַױדֹ דַה .;0;0.98;ns;np
ַבַֽבֹ ַבַּדַםֹ ֳָׂ .;ַבַֽבֹ ַבַּדַםֹ דׂזּ .;0;0.82;ns;np
ֳָֽר װָׁ ַבװַם ַבַָֿׁ .;ֳָֽר װָׁ ַבװרַם ַב׃ַ־ה .;0;0.93;ns;np
זײ ַ׃דם בל ַבַָ .;זײ ַ׃דם בל ַבבַ .;1.8;2.07;s;p
ָׁר ֳוב ַבדם ַָבםה .;ָׁר ֳוב ַבדם ַָבׁהםֹ .;2.2;2.52;s;p
ֳּרב ַבֳ׃ַ׀ ַבַדַֽה ֵבל םזד ַב׃ָ .;ֳּרב ַבֳ׃ַ׀ ַבַדַֽה ֵבל םזד ַב־דם׃ .;0.4;1.27;ns;np
ַבַֽ ום ַבַוֹ ַבדײבֹ הֿ ֻםׁ דה ַבהַ׃ .;ַבַָׁב ום ַבַוֹ ַבדײבֹ הֿ ֻםׁ דה ַבהַ׃ .;0.4;1.2;ns;np
װַוֿ ם ֽֿםֹ ַבֽםזַהַ ֳ׃ַֿ .;װַוֿ ם ֽֿםֹ ַבֽםזַהַ ַׂבַ .;0.4;1.32;ns;np
םׁזרײ ַבדֿׁרָ ַבֳ׃ֿ .;םׁזרײ ַבדֿׁרָ ַבהדׁ .;0.6;1.64;ns;np
ַבםב ׀ז ֳה ״זםב .;ַבםב ׀ז ־ׁ״זד ״זםב .;3.6;2.48;s;p
ױַד ַָהם ַבױםֹׁ ם ׁדײַה .;ֳ״ׁ ַָהם ַבױםֹׁ ם ׁדײַה.;0.4;1.05;ns;np
םֽ ַבד׃בד ב׃ַהו .;בד םֽ ַבַבד ב׃ַהו .;1;1.16;s;np
בָ ַב״ב ם ַבװַׁ .;בָ ַב״ב ם ַבהַֿם .;0.2;1.14;ns;np
םָּ ַבדַֹֽ בל ױבַֹ ַבּׁ .;םָּ ַבדַֹֽ בל ַבהַד .;0.2;1.23;ns;np
דה ם׃ׁ ם ַבֳדב םױׁ ם ַבדב .;דה םױׁ ם ַבדב ם׃ׁ ם ַבֳדב .;3.2;3;s;p
ַבֳָ זַבֳד ֳֽר ַבהַ׃ ַָבַׁםֹ .;ַבזַבַֿה ֳֽר ַבהַ׃ ַָבַׁםֹ .;4;3.55;s;p
ַבֳ׃ֿ דב ַבַָֹ .;ַבֽםזַה ַבדׁ׃ דב ַבַָֹ .;1;2.59;ns;p
םװז ֻםׁ דה ַבֳ״ַב דה ׃ז׃ ם ַבֳ׃הַה .;םװז ֻםׁ דה ַבֳ״ַב דה ׃ז׃ ם ַבֳײַׁ׃ .;3;3.18;s;p
ֳׁם םה ַבדֱַ .;ֳׁם םה ַבדֱַ ָםהם .;4;3.05;s;p
ז ַבד׃בדזה ָָּב ַׁ ם ַבםזד ַבַ׃ דה ׀ם ַבֹּֽ .;ז ַבד׃בדזה ַָׁ ם ַבםזד ַבַ׃ דה ׀ם ַבֹּֽ .;4;3.43;s;p
ּזב ם װזַׁ ַבדֿםהֹ.;ּזב ם ַבדֿםהֹ .;3.2;3.16;s;p
ַבֳָ םדב בל ָׁםֹ ֳָהֶַו ָׁםֹ ױַבֹֽ .;ַבֳד םדב בל ָׁםֹ ֳָהֶַו ָׁםֹ ױַבֹֽ .;1.4;2.11;s;np
ֳ־בױ ַבדױבם בבו בםהַב ֳבל ַבַּֿׁ .;ֳ־בױ ַבױֶַד בבו בםהַב ֳבל ַבַּֿׁ .;0.8;1.98;s;np
םֿםׁ ַבד־ַׁ ַבֳדזׁ ָֽדֹ .;ַבד־ַׁ םֿםׁ ַבֳדזׁ ָֽדֹ .;3.8;3.57;s;p
דזֿ ַה״בַ ַבַֽבֹ םזד ַבֱֳַָׁ ַב׃ַֿ׃ֹ ױַַָֽ .;דזֿ ַה״בַ ַבַֽבֹ בֱֳַָׁ ַב׃ַֿ׃ֹ ױַַָֽ .;3.6;3.45;s;p
זױב ַבד״ַׁ בֹֽ דוָ״ ַב״ֶַֹׁ .;זױב ַבד״ַׁ ד וָז״ ַב״ֶַֹׁ .;3.6;3.36;s;p
׃ַֿ ַבֿזב ַבהםֹ ָײ ַבֿזב ַבדַֹּֽ .;׃ַֿ ַבֿזב ַבהםֹ ַבֿזב ַבדַֹּֽ .;2.2;2.68;s;p
דבל ַב״בַָ ַב׃ַֹ ַבַװֹׁ .;דזֿ ַב״בַָ ַב׃ַֹ ַבַװֹׁ .;2.8;3.16;s;p
ָ ַב״ב דה ַבׁײ .;ּוֿ ַב״ב ם ַבׁײ .;2.8;3.02;s;p
הב ַבדׁםײ ֵבל ַבדװל דֳ־ַׁ .;דֳ־ׁ הב ַבדׁםײ ֵבל ַבדװל .;3;3.41;s;p
ַֿׁ ַבדׁ ַבױהַם ֽזב ַבֳׁײ .;ֽזב ַבֳׁײ ַֿׁ ַבדׁ ַבױהַם .;3.8;3.45;s;p
׀וָ ֵבל ַבדֿׁ׃ֹ דַָׁ .;׀וָ ֵבל ַבױ דַָׁ .;1.8;2.57;s;p
ֿ ַבדֿםׁ ֳֽזַב ַבדזםה .;ֿ ַבדֿםׁ ֳזַׁ ַבַּדַ .;0.4;1.14;ns;np
ֳ׃ֿ ַבַדב ם ַבדױָֹ ֽבם ַבּֿםֹֿ .;ֳ׃ֿ ַבדױָֹ ֽבם ַבּֿםֹֿ .;1.8;2.66;s;np
ױדד ױַָֽ ַבדהֹּׁ ֹׁ ּדםבֹ .;ױדד ַבדהֹּׁ ֹׁ הזד .;2.8;2.59;s;p
ֵםַֿ ּזַֿ ם דַׁדו .;ֵםַֿ ּזַֿ ם ֳ־בַו .;2.4;3.07;s;np
ד־ָׂ ּזַֿ ד־ָׂ דׁז ם ַבֱַׁׂ .;ּזַֿ ד־ָׂ דׁז ם ַבֱַׁׂ .;3.8;3.45;s;p
ׁײ ׃םַֹׁ ַּׁהַ בַֻֽֿ הֿ ַבדה״ .;ׁײ ׃םַֹׁ ַּׁהַ בַֻֽֿ הֿ ַבדהֽהל .;3.2;3.41;s;p
ֳםד ם ַבדֿׁ׃ֹ דׁײ בבַָ זֲ־ׁ בבׁ׃ד .;ֳםד ם ַבדֿׁ׃ֹ דׁײם ַָ זׁ׃ד .;3.8;3.36;s;p
ַבױֿם דֲֹׁ ֳ־םו .;ַבױֿם ַבױֿז דֲֹׁ ֳ־םו .;2.6;2.68;s;p
׃ׁ ַב״ב ַבדֲֹׁ .;׃ׁ ַב״ב ַבבָֹ .;0.2;1.43;ns;np
׀וָ ַב״ַבָ ֵבל ַבדֿׁ׃ֹ בםבד .;ַׁׂ ַב״ַבָ ַבדָֹ בםֳׁ .;0.4;1.3;ns;np
 ַבֱַָׁ ָםה ַב״םבֹ זַבָֹ .; ַבֱַָׁ ּהזַָ .;2.2;2.52;s;p
ם׃־ֿד ַבֵה׃ַה ֿרֹ דזַֿׁ .;ם׃־ֿד ַבֵה׃ַה דזַֹֿׁ ֹֿ .;3.8;3.48;s;p
דזֿׁ ַבדֱַ בבדֹׁׂ ב םזד ־דם׃ .;דזֿׁ ַבדֱַ בבדֹׁׂ ב ־דם׃ .;4;3.48;s;p
םהד ַבֳֿׁה ַבֲה ָ״זׁ דבדז׃ ם ַבדַּבַ ּדםוַ .;םהד ַבֳֿׁה ַבםזד ָ״זׁ דבדז׃ ם ַבדַּבַ ּדםוַ .;3.2;3.34;s;p
ד׃ָב ַבֳדֹ דהז״ ָודד ַבװַָָ זׂםדֹ ַבװַַָ .;ד׃ָב ַבֳדֹ דהז״ ַָבװַָָ ז ַבװַַָ .;2.8;2.8;s;p
בה ֳױַָֽ ַבדדב ״זַב ַבדׁ .;בה ֳױַָֽ ַב׀בםב ַבדׁ .;2;2.07;s;np
הזם דֿׁ׃הַ ׂםַֹׁ דּד ַבבֹ ַבָׁםֹ .;הזם דֿׁ׃הַ ׂםַֹׁ ַבדּד .;1.6;2.09;s;p
ה״ב ַֽבַ ַבדֿׁ׃ֹ דה דּד ַבװדַב .;ה״ב ַֽבַ ַבדֿׁ׃ֹ דה דּד ַֿׁה .;0.2;1.64;ns;np
םהד ַבהַ׃ ם ַבדּד הֿ ַהַׁ ׁזָ ַבַֽבֹ .;םהד ַבהַ׃ ם ַבדּד הֿ ׁזָ ַבַֽבֹ .;1;2.8;ns;p
דַ ־ב ה דזֿ ״ו בל ה׃ם .;דַ ־ב ה דזֿ ״ו בל ה׃ם ״ .;3.6;3.23;s;p
םהװׁ ַב־ב ַבַֻם ם ֻםׁ דה ַבדּדַ .;ם ֻםׁ דה ַבדּדַ םהװׁ ַב־ב ַבַֻם .;3.8;3.39;s;p
בַ׀ ַבָֿ בבו ם ״בָ ַּֽו .;בֳּ ַבָֿ בבו ם ״בָ ַּֽו .;3.6;2.57;s;p
בַ׀ ַבדּׁד ַָבַׁׁ .;בַ׀ ַבבױ ַָבַׁׁ .;0.8;2.41;ns;p
זױב ֵבם ֳ־ַָׁ ד״דֶהֹ ֳד׃ .;זױב ֳד׃ ֵבםר  ֳ־ַָׁ ד״דֶהֹ.;3.8;3.39;s;p
זױזב בבדב דַָׁ ם״ם ַֹֽׁ ה׃םֹ זַ׃ַַֿֿ בבדב .;ֳה ױב בבדב דַָׁ ם״ם ַֹֽׁ ה׃םֹ זַ׃ַַֿֿ בבדב .;3.6;3.5;s;p
ֳהׁ ם דָ ַבדֿםׁ .;ֳהׁ הֿ ַבדֿםׁ .;2.6;2.93;s;p
בד םָ ַבז״ה ה בָם זׁם .;בד םָ ַבז״ה בֹֽ ה בָם זׁם .;3.4;3.23;s;p
ַ׃ַׁ דַב דה ֳֽדֿ ַבדהַ־ בה־ ַבֹׁ .;ֳַׁ ֳֽדֿ דַבַנ ַבדהַ־ בה־ ַבֹׁ .;3.4;3.02;s;p
בַ ֳֽֿ ז ַבַהזה .;בַ ֳֽֿ םׁ דה ַבַהזה .;2.6;2.86;s;p
ָ ַב־״ַ״ בזֹֽ ּדםבֹ .;ׁ׃ד ַב־״ַ״ בזֹֽ ּדםבֹ .;1.2;2.11;s;p
הֿ ַבדַֿֿ דה ַבדָֹֽׁ .;הֿ דה ַבדָֹֽׁ ַבדַֿֿ .;3.8;3.43;s;p
ם דֿׁ׃הַ זַהםה בײָ״ ׃םׁ ַבדב םוַ .;ם דֿׁ׃הַ בזֶַֽ בײָ״ ׃םׁ ַבדב םוַ .;2.6;2.95;s;np
ּוׂ ַבׁ׃ַדֹ ַבדדַֹֽ זַבֳבַד ָב ַבד׃ַָֹ .;ּוׂ ַבׁ׃ַדֹ ֳֿזַוַ ָב ַבד׃ַָֹ .;2.4;3.02;s;p
ם ָבֿהַ ֶַֽֿ זדבַָ בבַ׃דַ .;ם ָבֿהַ דַׁ בבַ׃דַ ֿםֹֿ .;2.2;2.73;s;p
דׁ ַבַבֹ דה ָםֱַֿ װַ׃ֹ ם ״ׁםוַ ֵבל ַבדֿםהֹ .;דׁ ַבַבֹ דה ױֱַֽׁ װַ׃ֹ ם ״ׁםוַ ֵבל ַבדֿםהֹ .;3.6;3.05;s;p
ׁׂ ַבֳֿׁה ַבֳ׃ָז ַבדַײם .;ׁׂ דַה ַבֳ׃ָז ַבדַײם .;1.4;1.86;ns;p
ַֽ ם ֵָֿׁ דַֿׁ׃ ֽֿםֹֻ .;ַֽ ם ַבװדַב דַֿׁ׃ ֽֿםֹֻ .;1.4;2.64;s;p
װַוֿ דֿםהֹ ּדםבֹ ם ַבבַׂ .;װַוֿ ם ַבבַׂ דֿםהֹ ּדםבֹ .;3.8;3.39;s;p
םׁ דבֹ ַב׃ׁ ד׀ַ ַבװַם .;דבֹ ַב׃ׁ םׁ ד׀ַ ַבװַם .;3.8;3.43;s;p
ַבבדֹ ַבב״םֹ םׁ זּוֹ הׁ ַבֲ־ׁםה .;ַבבדֹ ַבב״םֹ םׁ הֹׁ ַבֲ־ׁםה .;2;3;s;p
ֳׁ ַַָ ה ַׁם־ ַבֳֿׁה .;ֳׁ ה ַׁם־ ַבֳֿׁה .;1.6;3.05;s;p
דב ַבדֳֹׁ ד ַבּׁב בל ָׁםֹ ַבֳָהֱַ .;םדב ַבזַבַֿה בל ָׁםֹ ַבֳָהֱַ .;2.8;3.25;s;p
ם׀וָ ַב״בַָ ֵבל ַבדַֿׁ׃ בבבד .;ם׀וָזה ֵבל ַבדַֿׁ׃ בבבד .;2.6;3.32;s;p
םדב ַבזַבַֿה בל ָׁםֹ ַבֳָהֱַ .;םדב ַבֳָזַה בל ָׁםֹ ַבֳָהֱַ .;3;3.41;s;p
ֳׁל ם ״ׁםם ֶַֿדַ ַבדַֿׁ׃ זַבד׃ַּֿ זַבדֽבַ .;ֳׁל ם ״ׁםם ֶַֿדַ דַבד ֻםֹׁ .;1.4;2.86;s;p
׃וַד ז׃ֶַֹֿ זֵבוַד םַ הװם״ַ .;ֳ־זַם םַ הװם״ַ .;1.2;2.55;ns;np
װָׁ ַב״ב זַָ דה ַבדֱַ .;װָׁ ַב״ב דֱַ .;2.4;3.09;s;p
בם םזֿ ַּֿׁו ָוֿזֱ .;םזֿ בם ַּֿׁו ָוֿזֱ .;3.8;3.57;s;p
ֳָֿ ָׁ ױ־ֹׁ ה ַב״ׁם .;ֳָֿ ָׁ ַבֳ׀ל ה ַב״ׁם .;1.2;2.77;s;p
׃־ֿד ַבֿםֿ דה ָׁרַ ַבָםז ַבדםׁזזם .;׃־ֿד ַבֿםֿ דה ַבָםז ַבדםׁזזם .;2.6;3.11;s;p
דֿ ַבזַָּ ַב׃ׁםֹ בל ַבֽײםׁ ַב׃ׁם .;ַבזַָּ ַב׃ׁםֹ דֿ בל ַבֽײםׁ ַב׃ׁם .;3.8;3.61;s;p
ַב ַבּהֿם ָװַֹּ ם ַבדֹׁ .;ַ׃ָ׃ב ַבּהֿם ם ַבדֹׁ .;3.6;3.09;s;p
ֳׁם ַבַבד דהודַ ם ַָּׁו .;ֳׁם ַבַבד דהװבַ ם ַָּׁו .;3.6;3.07;s;p
־״ָ ַבֶַֿ ם ּהזֿו .;־״ָ ַבװַָ ַבַֹ .;0;0.52;ns;np
ּדֿ ַבֿדז ם ֳםה ַבֳדוַ .;ַהודׁ ַבֿדז דה ֳםה ַבֳדוַ .;0.2;1.07;ns;np
׃ַ ַבבו בבדַּֽ דה ם׃ַֿו .;׃ַ ַבבו בו דה ם׃ַֿו .;1.8;2.86;s;p
ּ׀ ַבװֹּׁ ָםׁ .;׃ַ ַבװֹּׁ ָםֹׁ .;3.2;2.86;s;p
׃ַ ַבבו בבדַּֽ דה ם׃ַֿו .;׃־ׁ ַבבו בבדַּֽ דה ם׃ַֿו .;3.6;3.27;s;p
ַהױׁ ַבּםװ בל ַבֿז .;וׂד ַבּםװף ַבֿזר .;3.8;3.18;s;p
הַ הּב׃ ֽ װֹּׁ .;הַ הּב׃ ֽ װֹּׁ ַבױהזָׁ .;1.6;2.55;s;p
ֳױׁ ַבּםװ בל ַבַהױַׁ .;ֳױׁ ַבּםװ בל ַבַהױַׁ ם ַבדֹׁ .;3;3.14;s;p
ׁ ַבּםװ ַָבהױׁ .;ׁ ַבּםװ ָֿזו .;3.2;2.34;s;p
׃ד זֱַ ַב׀ֶָ ם ַבבםב .;׃ד ַב׀ֶָ ם ַבבםב .;3;3.27;s;p
ם׃ד ַבדװַוֿ ָֽײזׁ ַבד׃ֽׁםֹ .;ם׃ד ַבדװַוֿ ַָבד׃ֽׁםֹ .;3.6;3.16;s;p
ױוםב ַב־םב זהם ַבײַֿ ּׂהם ֻםַׁ .;ָײ ֳױזַ ַבֽםזַהַ ּׂהם ֻםַׁ .;1.8;2.43;s;p
בה ֳה׃ל ז״הם דַ ֽםם .;׃ֳ׀ׁ ז״הם ֶַֿדַ .;3;3.07;s;p
וָ״ ַב״ֶַֹׁ בל ַבדּֿׁ .;ֳב ַב״ֶַֹׁ דה ַבדּֿׁ .;0.2;1.05;ns;np
ֳב ַב״ֶַֹׁ ױַַָֽ .;ַה״ב ַב״ֶַֹׁ ױַַָֽ .;3.2;3.2;s;p
ַהודׁ ַבַָׁ דה םהם ַבֹּֿ .;ַהודׁ ַבֿדז דה םה ַבֹּֿ .;3.8;2.89;s;p
ֳ״בָ דה ֳה זה ֽ׀ַׁ הֿ ָזׁ ַבװַׁ .;ה ֽ׀ַׁ הֿ ָזׁ ַבװַׁ .;3.4;2.95;s;p
ם׃ַֿ ַָ׃ב ֳדו .;ם׃ַֿ ַָ׃ב ֳדו ם ֳדַב ַבָם .;2.8;2.77;s;p
ַׁׂ ֵםדַה ױֿםוַ ֳֽבַד .;ַ׃ָב ֳֽבַד ֵםדַה .;2.8;2.68;s;p
ֳהל ַב ֳׁל ַבּדַב .;ֳםהדַ ַב ֳׁל ַבּדַב .;3.8;3.27;s;p
ַבֳםב ֽםזַה ׃ׁם ַבוָׁ .;ַבזב ֽםזַה ׃ׁם ַבוָׁ .;2.2;2.39;s;p
ַבד׃ ַ׃ד ַב״םָ .;ַבד׃ ַ׃ד ַב״םָ דה ַבֳ״םַָ ַבםדֹ .;3.6;2.86;s;p
ֶַֹֽׁ ַבֳׂוַׁ ״םָֹ .;ַבֳׂוַׁ ֶַֽׁוַ ״םָֹ .;3.8;3.48;s;p
ֶַֹֽׁ ַבֳׂוַׁ ״םָֹ .;װ׀ל ַבֳׂוַׁ ״םָ .;3.8;3.23;s;p
םֽׁ ַבהַ׃ ם םזד ַבםֿ .;םֽׁ ַבהַ׃ ם ַבםֿ .;3.8;3.25;s;p
ֲדב ֳה םָׂ ּׁ ּֿםֿ בל ַבֳדֹ .;ֲדב ֳה םװׁ ּׁ ּֿםֿ בל ַבֳדֹ .;3.8;3.27;s;p
דַֹֿ ַבהָׁ װָו ַבװד .;ַבהָׁ דַֹֿ װָו ַבװד .;3.8;3.45;s;p
םװ ַב׃בַֹֽ ם ַבָֽׁ .;םםװ ַבֽז ם ַבָֽׁ .;0.4;1.32;ns;np
ם ׁםהַ ָםַַׁ דהזֹ .;ם ׁםהַ דַׁׂ ֽדײםַ .;1.8;1.93;s;p
ַבׁ םזה ַָבזב זַבב .;ַבׁ םזה זבַ זבַ .;3.8;3.57;s;p
ַבׁ ם ַבַדב םהװׁ ַבדָֹֽ ם ַבדּד.;ַבבםה ם ַבַדב םהװׁ ַבדָֹֽ ם ַבדּד.;3.8;3.14;s;p
ַבה׃םד ׁם ם ׃ַַ ַבױַָֽ .;ַבה׃םד ־ם ם ׃ַַ ַבױַָֽ .;3.4;3.34;s;p
ֽׁׁ ַבֵ׃בַד ַבהַ׃ דה ַבָזֿםֹ .;ֽׁׁ ַבֵ׃בַד ַבׁם דה ַבָזֿםֹ .;0.8;2.75;ns;np
םוד ַבבַֽ ַָֹׁׂ ֳׁײו .;םוד ַבבַֽ ָֽבו .;3.4;3.07;s;p
ם׃־ּׁ ַבבִבִ זַבדַּׁה דה ַבָֽׁ .;׃־ּׁ ַבּזַוׁ דה ַבָֽׁ .;2.4;2.95;s;p
׃־ּׁ ַבּזַוׁ דה ַבָֽׁ .;׃־ּׁ ַבֳַּֽׁ ַבֻדםהֹ דה ַבָֽׁ .;3.2;3.07;s;p
םָּהם ַב־םב.;םָּהם ױוםב ַב־םב .;0.8;2.16;s;p
ו׀ַ ַבבָ םַּֽ ֵבל ַבדֱַ .;ו׀ַ ַבבָ ״װַה .;3.6;3.09;s;p
בַ ֳדב װםֶַ ֳדבֳ םו ַבדֱַ .;בַ ֳדב ָֹׁ ֳדבֳ םוַ ַבדֱַ .;1.8;2.91;s;p
זּֿ ױזָֹ ם ַבֵַָֹּ ה ַבד׃ֳבֹ .;ֳ־ ם ַבֵַָֹּ ה ַבד׃ֳבֹ .;0.4;2.16;ns;np
ַה״ב ַבֱַֿ ָ׃ֹׁ .;ַה״ב ַבֱַֿ ַב׃וד .;2.6;3.09;s;p
ַבֱַֹׁ ׀ם ַבב .;ַב״ַד ם׀ם ַבדֹֿ .;0.8;1.11;s;np
ַבד׃ַֽ ֽםזַה דׁ׃ .;ַב״ֶַׁ ֽםזַה זֿ .;0.6;0.93;ns;np
ַֽ״ ַבֹׁ ַבֳׁײםֹ ָ״ָֹ ַבֳזׂזה .;ַֽ״ ַבֹׁ ַבֳׁײםֹ ַָבֳזׂזה .;3.6;3.3;s;p
םה׀ׁ ַב״ֶַׁ ַבד׃ַֽ ׂםַֹֿ ם ֿׁ ַבּדםב .;ׂםַֹֿ ם ֿׁ ַבּדםב םה׀ׁ ַב״ֶַׁ ַבד׃ַֽ .;3.8;3.2;s;p
ֳַ ַבדבדֹ ַב״ַבָֹ בל ־״וַ ַבֽ׃ה .;ֳַ ַבדבדֹ ַב״ַבָֹ בל ־״וַ ַבּדםב .;3.4;3.43;s;p
םֽׁױ ַבֵה׃ַה בל ַֹׁׂ ַבֳװַּׁ .;םֽׁױ ַבֵה׃ַה בל ַֹׁׂ ַבֳװַּׁ זַבדַֹֽ בםוַ .;2.2;2.82;s;p
הֽׁױ בל ׀ז ַבּדַב .;הֽׁױ בל ׀ז ַבּדַב ֶַֿדַ .;2.8;3.16;s;p
ָּ ַבדַֹֽ בל ַבדּד ׃בםדַ דה ַבֳדַׁײ .;םָּ ֳה הַֽ בל ַבדּד ׃בםדַ דה ַבֳדַׁײ .;3.4;3.45;s;p
םָּ ַב־בױ דה ַבדַדֹ ָ״ׁםֹ ׃בםדֹ .;םָּ ֳה ה־בױ דה ַבדַדֹ ָ״ׁםֹ ׃בםדֹ .;3.4;3.55;s;p
םֽׁהם הׂזב ַבד״ׁ .;ם׃ֿהם ו״זב ַבד״ׁ .;3.6;3.27;s;np
םֽׁהם ו״זב ַבד״ׁ .;םָוּהם ו״זב ַבד״ׁ .;3.6;3.45;s;np
׃ׁהַ זַבהוׁ ם הׂוֹ .;׃ׁהַ ד ַבהוׁ ם הׂוֹ .;3.8;3.18;s;np
ה׃ם ַבַָ ׃וזַ .;דַ ה׃ם ַבַָ ױַֿ .;3;3.14;s;np
׃ד ױז ַבֳ׃ֿ .;׃ד ֶׂםׁ ַבֳ׃ֿ .;3.6;3.41;s;np
ַבַ׃ד זַבב זַבֽׁ ֳ׃ַד ַבבַד ם ַבָׁםֹ .;ו׀ו ֳ׃ַד ַבבַד ם ַבָׁםֹ .;2.4;3.07;s;np
םׁ ַבדֿםׁ ַבּׁ׃ .;םׁ ַבּׁ׃ .;1;2.39;s;p
םױ״ ַב״בָ ַָהַד .;םױ״ ַב״בָֹ ַָב״ַָזׁ .;1.6;2.61;s;p
ה װׁםַנ בַ ׀בםבַנ.;בַ ה ׀בםבַנ.;2.4;2.82;s;np
ה׃׀ׁ ַבַׁם־ .;ה׃׀ׁ ַבַׁם־ ֳדַּֿו .;1.8;2.66;s;p
בֳבֳ ַבװד׃ .;בֳבֳ ַבװד׃ ֳװוַ .;2.4;2.8;s;p
םד״ם ׂזַׁ ַבֱַָׁ ַבּםַֿ .;םד״ם ֶַׁׂז ַבֱַָׁ ַבּםַֿ .;3.8;3.43;s;p
םװַוֿ ַב׃ֶַֽ וםַב ַׁם־םֹ װַד־ֹ .;םװַוֿ ַב׃ֶַֽ וםַב ַׁם־םֹ דֹׁ .;2.8;3.32;s;p
בל וםַב דםֹ בֿםהַױזַׁ ֻׁ בדֱַ ַבֲַֻׁ .;ֻׁ בדֱַ ַבֲַֻׁ בל וםַב דםֹ בֿםהַױזַׁ .;3.8;3.43;s;p
ַֽב ַבׁז ַבּזםֹ ֿזה ַב׀וַָ ם ֽׁבֹ .;ַֽב ַבׁז ַבּזםֹ דה ַב׀וַָ ם ֽׁבֹ .;3.8;2.73;s;p
ֳַֽב ַבדֽ ַבדּׁד ֵבל ַבדֽדֹ .;ֳַֽב ֵבל ַבדֽדֹ ַבדֽ ַבדּׁד .;2.4;3.18;s;p
םֽ ַבדׁםײ ה׃ו ֵ׀ַ םֿ ֵָׁװַַֿ ַב״ָםָ .;ֵ׀ַ םֿ ַבדׁםײ ֵָׁװַַֿ ַב״ָםָ םֽ ה׃ו .;4;3.48;s;p
ֳׁ ַבַָ ם ֳ׃ָז .;ֳׁ ַבַָ ה׃ו ם ֳ׃ָז .;2.6;2.98;s;np
הָֽׁ ַָבדָֿםה ם ֽבהַ .;הָֽׁ ָד ֳםוַ ַבדָֿזה ם ֽבהַ .;3.2;3.09;s;p
םֻׁ ַבהַ׃ דה הַזב ַבזַָּ ַב׃ׁםֹ .;םֻׁ ַבֿםֿ דה ַבהַ׃ דה הַזב ַבזַָּ ַב׃ׁםֹ .;3.6;3.25;s;p
ַב׃דהֹ דה ַבֳדַׁײ ַבדהװֹׁ .;ַב׃דהֹ דה ַבֳדַׁײ ַבדהװֹׁ ָםה דׁײל ַב׃ׁם .;1.6;2.14;s;np
ֳ׃וד ַָׁדּ ַבֻם ם הװׁ ַבזם ַבױֽם .;ֳ׃וד ַבֻם ם הװׁ ַבזם ַבױֽם .;3.2;3.2;s;p
ֳה ַבהַּׁ הװׁ ַב־װָ .;הװׁ ַבהַּׁ ַב־װָ ֵַָה .;3.4;3.39;s;p
ֽֿ ַבּוזֿ ַבזֶַםֹ דה ַהװַׁ דׁײ ַב׃ׁם .;ַבּוזֿ ַבזֶַםֹ ֽֿ דה ַהװַׁ ַב׃ׁם .;3.8;3.59;s;p
׃ַֿ ָׁזֹֿ ַבּז בל ֻם ָ־ַׁ ַבדֱַ .;׃ַֿ ָׁזֹֿ ַבּז בל ֻם ַבָ־ַׁ .;3;3.09;s;np
װוֿ ַבדדבֹ ַַַׁ ם ֳ׃ַׁ ַבָײֶַ.;װוֿ ַבדדבֹ ַַַׁ ם ַּֿׁ ַבַֹֽׁׁ .;0.4;0.93;ns;np
הַזָ ַבֳָהֱַ בל ׁם ַבֽֿםֹ .;הַזָ ַבֳָהֱַ בל ׁם ַבֽֿםֹ ָװב ֿזׁם .;3;2.91;s;p
בה ֳֿ־ב ם דַבַ םהםהם .;׃ֳָֿ דַ בַ םהםהם .;3.2;3;s;p
דה ֽ׃ה ַב־ב ַַֽׁד ַבױםׁ ַבָםׁ .;דה ֽ׃ה ַב־ב ״ ַבָםׁ בל ַבױםׁ .;1.2;1.8;s;p
װַׁ ם ַבֽׁבֹ ם ֳּֿֿ הװַ״ם .;ַ׀ׁ ה ַבֽׁבֹ בֳַֽׁ .;0.2;0.7;ns;np
װַׁ ם ַבֽׁבֹ ם ֳּֿֿ הװַ״ם .;װַׁ ם ַבֽׁבֹ ֽל ֳּֿֿ הװַ״ם .;3.6;3.48;s;p
ֳה דָ ֻםַׁ .;דָ ֳה ֻםַׁ .;3.8;3.66;s;p
םֻ םֽׁד ַבדזַםֿ .;בד םֳ־ׁ םֻ ה ַבדזַםֿ .;3;3.05;s;p
ב ַבבזַֽ .;ב בל ַבבזַֽ .;0.4;1.39;ns;np
ײׁ ַבֽבזםַ ָױֽם .;ַבֽבזםַ ײׁ ָױֽם .;3.8;3.68;s;p
ֳהׂב ַבבו ַבֳד״ַׁ .;הׂב ַבֳד״ַׁ .;3;3.09;s;p
ּׁל ֽזַׁ ָ ַבהֿזֹ ַבַֻםֹ .;ּׁל ֽזַׁ ָֿ ַהוֱַ ַבהֿזֹ ַבַֻםֹ .;3.8;3.25;s;p
ׁ ַבּׁב ַָ םֽםל ָו ׀ׁו .;ׁ ַבּׁב זבַֿ םֽםַ ָו ָ׀ׁו.;2;3.07;s;p
הװׁ ֶׁם׃ בּהֹ ַבַה־ַַָ הםֹּ ַבַה־ַַָ .;הװׁ ֶׁם׃ בּהֹ ַבַה־ַַָ ַבהםֹּ .;4;3.43;s;p
ַּוֿ ֻםַׁ ם דב .;ַּוֿ ם דב ֻםַׁ .;3.8;3.52;s;p
ַבהֽבֹ דה ַבֽװַׁ ַבדםֹֿ .;דה ַבֽװַׁ ַבדםֹֿ ַבהֽבֹ .;3.8;3.52;s;p
ַּוֿ בֽם ַבזׂ ם ַבדַַָֹׁ .;ַּוֿ ם ַבדַַָֹׁ בֽם ַבזׂ .;3.8;3.45;s;p
ַָֻׁ ַבהֽב ם דב .;ַָֻׁ ם דב ַבהֽב .;3.8;3.55;s;p
םָּ ַבׁװםֿ ם ַ׃ובַ ַבדֱַ .;םָּ ֳה ׁװֿ ם ַ׃ובַ ַבדֱַ .;2.6;3.34;s;p
ַבֳבַָ ַבֳזבזדָםֹ דה ֳָׁׂ ַבהװַ״ַ ַבׁםַײםֹ ם ַבױׁ ַבֽֿםֻ .;דה ֳָׁׂ ַבהװַ״ַ ַבׁםַײםֹ ם ַבױׁ ַבֽֿםֻ ַבֳבַָ ַבֳזבדָםֹ .;3.8;3.5;s;p
ֳ״ַב ַבַּׁב ם ֽֿםֻו .;ֳ״ַב ם ֽֿםֻו ַבּׁב .;3.6;3.27;s;p
בַ ֳ׃״ם ַבדב ַּב׃ַ .;בַ ֳ׃״ם ַבדב זַַ .;0;0.93;ns;np
םִ׀ם ַבזז ״זםבַ ַבּ׃ד .;ַבזז ״זםבַ םִ׀ם ַבּ׃ד .;3.8;3.48;s;p
זַָ ַבבַָ בל ַבֿׁםָ .;ַ׃דׁ ַבבַָ ם ַבֿׁםָ .;3.6;3.16;s;p
ֳה ַבבַָ בָֹ ֹׁ ַב׃בֹ .;ֳה ַבבַָ ֹׁ ַב׃בֹ .;4;3.59;s;p
ֵדַ ּוֿ ם ֿׁז׃ ֽ ַבהַּֽ .;ַה ּוֿ ם ֿׁז׃ ֽ ַבהַּֽ .;3.8;2.82;s;p
םװבהם ַבםׁ ם ב װֶ ם ָם ַבֹּֿ .;םװבהם בר װםֱ ם ָם ַבֹּֿ .;2.6;2.61;s;p
ֳהױ ַבַײם ַבדבזד .;ֳהױ ַבַײם ַבדבזד ַהױַַׁ בבֽ .;2.8;3.02;s;p
הד ַַֿ ם ַבֳב .;ֳהד ַַֿם הֿ ַבֳב .;1.4;2.11;s;p
ָל ַבדוַּׁ װזַ ֵבל ז״הו .;ָל ַבדוַּׁ ֽהםהַ ֵבל ז״הו .;3.2;3.34;s;p
םבׂד ַב׃ֶַ ַָֽׂד ַבֳדַה .;םבׂד ַָֽׂד ַבֳדַה ַב׃ֶַ .;4;3.52;s;p
ז דֿםׁ ַבװֹׁ ֿםה ּֿםֿםה .;ז ַבװֹׁ ֿםה ּֿםֿםה .;2.2;3.02;s;p
םדֿ ַבװׁ״ם םֿו בב׃םַַׁ בז ֳז ֽׁ .;םדֿ ַבװׁ״ם ֵװַׁו בב׃םַַׁ בבז ֳז ֽׁ .;3;3.02;s;p
םׁײ ַבװׁ״ם בםדַ ַב׃םׁ בל ַב׃םַַׁ .;ַבװׁ״ם םׁײ בםדַ ַב׃םׁ בל ַב׃םַַׁ .;4;3.48;s;p
װַׁ דבדַה ם ַבזׁװֹ ַבֿׁםָםֹ .;װַׁ דבדַה ַֻהַה ם ַבזׁװֹ ַבֿׁםָםֹ .;3.4;3.45;s;p
ַבֳזםֱַ םֽזה ַבוזֿ .;ַבֳזםֱַ וד ֳזבֶ ַב׀םה םֽזה ַבוזֿ .;3.4;3.16;s;p
ֳָֽר ַוֹ ַבװֱַ.;ַבַָׁב ַוֹ ַבװֱַ .;0.6;1.59;ns;np
ֳ״ַב ַבָם ַבהׁ ֵבל ַבדֱַ .;ֳ״ַב ַבָם ַבװָׁ דה ַבדֱַ .;0.8;1.3;ns;np
ַבּהזֿ בל ַבֽֿזֿ ד׃ֽזה ב ֿםׁ .;ֳזבֶ ַבּהזֿ בל ַבֽֿזֿ ד׃ֽזה ב ֿםׁ .;2.4;3.36;s;p
ַׂ ַבׁם ַבז״הם ם ַבדַַָֹׁ .;ַׂ ם ַבדַַָֹׁ ַבׁם ַבז״הם .;4;3.52;s;p
ַבֽב דֻדׁ ַבֳװַּׁ .;ַבֽב ֳװַּׁו דֻדֹׁ .;3.8;3.3;s;p
דַּׁ ַבדָֹ דםֹֿ .;ַבדָֹ דַּׁוַ דםֹֿ .;4;3.36;s;p
ב ַֹ דָֹּ ֳָָםוַ .;ב ַֹ ֳָָםוַ דָֹּ .;4;3.52;s;p
ַה״ב ַבֱַֿ ָ׃ֹׁ .;ַה״ב ַבֱַֿ ַה״בַ ַב׃וד .;2.6;3.05;s;p
ַ׀ׁ ֵבל ױֿםם .;ַ׀ׁ ֵבל ױֿםם ַ׀ַׁ ַבהַֿד .;2.8;2.3;s;p
ֳָּ ַבּדוזׁ ֵַָֽׁׂ ַבבַָ ַבוֿ .;ֳָּ ַבּדוזׁ ֵַָֽׁׂ ַבוֿ .;3.2;2.93;s;p
ױז ַבֽ םבז ז ב ױז .;ױז ַבֽ ַוׁ .;2.6;2.8;s;p
ַבֿז םוׁ ַב׃םֶֹ .;ַבֿז ם־ם ַבֽ׃הֹ .;2;2.11;s;p
װָׁ ָײ דֱַ ַבהםב .;װָׁ דֱַ ַבהםב .;2.2;2.52;s;p
׃ֳזֿ הַַׁ .;׃ֳזֿ ֽ״ַָ בֵװַב ַבהַׁ .;2.6;2.36;s;p
׃ה ַָה ־בֿזה דֿםהֹ דױׁ .;׃ה ַָה ־בֿזה דױׁ .;4;3.3;s;p
ָה ַבֽזדֹ ֻםַׁ דה ַבדַֿׁ׃ .;ֳדׁ ַבֽזדֹ ָָהֱַ ֻםׁ דה ַבדַֿׁ׃ .;0.6;2.25;ns;p
ֳׁהם ֳ׀הַ זַםֹ .;ֳׁהם ַהַָו .;3;2.7;s;p
ֳׁ׃ ַבֽדֹ ד־ַֹ ַבבו .;ֳׁ׃ ַבֽדֹ ֳה ־ַ ַבבו .;4;3.57;s;p
ם׃ׁזַ בל ַבהַ׃ ֳדזׁוד זבַ ׃ׁזַ בםוד .;ם׃ׁזַ זבַ ׃ׁזַ .;4;3.16;s;p
ֿזׁ ַבֿזֶַׁ בל ַבַָם .;בל ַבַָם ֿזׁ ַבֿזֶַׁ .;4;3.52;s;p
װׁ ַבדזַ״הֹ םָּ ַ־ַׂבו בל ַבד־בױםה .;װׁ ַבדזַ״הֹ םָּ ֳה ם־ׂב בל ַבד־בױםה .;4;3.25;s;p
׃ַׁ ָב ַהָבַּ ַבױָֽ .;׃ַׁ ָב ַהַֽ ַבױָֽ .;3.6;2.98;s;p
ַבֽ ַבַה־ַָם דױׁ בל ַבַּׁב .;ֳױָֽ ַבֽ ַבַה־ַָם דױַׁ בל ַבַּׁב .;1.4;2.57;ns;p
ײָ״ ַּ׃ז׃ םזד ָדבםַ ּ׃׃ דֿׂזֹּ .;ַד ַבַּ׃ז׃ ָֻבַֻ דבםַ ּ׃׃ .;1.4;1.66;s;p
ׁ ֹּֿׁ ַבַֹֽׁׁ ם ַבױם .;ׁ ֹּֿׁ ַבַֹֽׁׁ ױםַ .;4;3.43;s;p
הוײ ַבֿזב ַבדֿדֹ ַָבדב .;ַָבדב הוײ ַבֿזב ַבדֿדֹ .;2.8;3.57;s;p
־׀ ׁװֹ דה ַבדֱַ .;־׀ דה ַבדֱַ ׁװֹ .;2.8;3.45;s;p
םֽׂההם ֳה ֳַׁ .;םֽׂההם ַׁ .;3.8;3;s;p
בַ דוָׁ דה ײֱַ ַבבו .;ַבֿׁ ֽדם .;2.2;2.89;s;np
ײָ״ ַב׃ב״ַ ַּ׃ז׃ַ .;ֳד׃ ַב׃ב״ַ ַּ׃ז׃ַ .;3.4;3.27;s;p
םםװ ם םֳ׃ ד״ָ .;םםװ ם םֳ׃ װֿםֿ .;3.6;3.07;s;p
״ַָ דדםׂ בב ֿׁ ם ַַּוַו .;בב ֿׁ ם ַַּוַו ״ַָ דדםׂ .;3.4;3.41;s;p
ֳבם בדַה ם ַבֽב .;ֳבם ם ַבֽב בדַה .;4;3.66;s;p
ַבדִדהזה םװֿ ָײוד ָײַ .;ַבדִדהזה דַזהזה .;2.6;2.84;s;p
בַ ב ֳ׀ה בַה׃ַה הדרַד .;בַ ב ַבבַד ַַּׂ .;0;1.61;ns;np
ַבֹֽֿ הֶָ ה ַבּוב .;ַבֹֽֿ ֿבםב ַבּוב .;3;2.89;s;p
ַבב׃ַה ֳַֹֿ םוׁ ָוַ ב ַבדֱׁ .;ַבב׃ַה ב ַבדֱׁ .;3.2;2.95;s;np
זֿֿ ַַֿב ַבּז .;זֿֿ בז ַֿב ַבּז .;3.4;3.27;s;p
׃ׁהם זב .;׃ׁהם דַ ב .;3.8;3.43;s;p
׃ֱַהם ֳה דױׁ .;ֲ׀ַהם ֳה דױׁ .;2.8;3.11;s;np
ז ־׃ֶַׁ ָםֹׁ ם ַבֳַֿׁ זַבדַֿ .;ז ־׃ֶַׁ ָםֹׁ ם ַבדַֿׁ .;1.2;2.09;s;np
׀ֱַ ַבדֱׁ דֽ׃זָ בםו .;ַבדֱׁ דַֽ׃ָ בל ׀ֶַו .;3.2;3.05;s;p
בַ ״ב ב׃ַה ַָבװֶַַ .;בַ ב ַבװֶַַ .;3.8;3.11;s;p
בַ ב ֳ׀ה בַה׃ַה הדרַד .;בַ ׃ד בַה׃ַה הדרַד .;3.8;3.11;s;p
ַּהָ ַבדַֽׁד ֵ׀ַ ָׁ ם ַבדַׁד .;ֵ׀ַ ָׁ ם ַבדַׁד ַּהָ ַבדַֽׁד .;4;3.5;s;p
דה ַבדז ֳה ֽזב ָֽׁ ַבָׁזב ֵבל ָֽׁ ׀ֱַ .;ֿ ֽזב ָֽׁ ַבָׁזב ֵבל ָֽׁ ׀ֱַ .;3.4;3.11;s;p
זֿֿ ַַֿב ַבּז .;זֿֿ בז םֿב ַבּז .;3.8;3.18;s;p
׀ַׁ בם הּֽ .;׀ַׁ ֽל הּֽ .;3.8;3.16;s;p
ֳזװ ַבד׃ַׁ ֳה םזֿ .;װ ַבד׃ַׁ ֳה םזֿ .;0;1.57;ns;np
בַ םה ֳֽֿד ֵדֹ .;בַםה ֳֽֿד ַַָ .;3.4;2.59;s;p
ױַֿ ַבֳ־םַׁ בַ ַבֳװַׁׁ .;ױַֿ ַבֳ־םַׁ ָב ַבֳװַׁׁ .;0;1.75;ns;np
׃םַה הֿם ֳֽײׁ ֳד ָ .;ֽײׁ הֿם ֳד ָ ׃םַה הֿם .;3.8;2.95;s;p
ֽײׁ הֿם ֳד ָ ׃םַה הֿם .;ֽײׁ הֿם ֳד ָ זַֽֿ .;4;2.68;s;p
םהַ ו׀ו ַבַֹ ַׁׂזַה .;םהַוַ ַׁׂזַה .;3.8;2.95;s;p
׀ַׁ בםבל ֿׁ׃ ַבו .;׀ׁ בםבל ֿׁ׃ ַבו .;0;1.73;ns;np
ַד״ל ַבַׁ׃ ׁ׃ו .;ָׁ ַבַׁ׃ ׁ׃ו .;3.8;3.27;s;p
ֿד בבַדַֽה דֶַַ ד׃ַָ .;ֿד דֶַַ ד׃ַָ בבַדַֽה .;4;3.55;s;p
ֵה ֳ־ַ דה זַ׃ַ .;ֵה ֳ־ַ ַב׀ם זַ׃ַ .;2.8;3.34;s;p
םַּֽ ַבד׃בדזה ם ֳזׁזַָ ֵבל ד־ױױם ַבבֹ .;םַּֽ ַבד׃בדזה ם ֳזׁזַָ ֵבל בדֱַ ד־ױױםה ם ַבבֹ .;3.4;3.16;s;p
זבֿ ַב״ב ֳױד .;זבֿ ו׀ַ ַב״ב ֳױד .;3.4;3.16;s;p
ֳַד ַבַֿׁ ׁײ ֳׂםֱַ.;ֳםד ׁײ ֳׂםֱַ.;2.2;2.55;s;p
ֳה ֳ׃ֿ ֳׁםַ דה ֳ־ם .;ֳה ֳֽד דה ֳ־ם .;2.8;2.95;s;p
ֿזֶַׁ ֻםֹׁ ם ַבדִ׃׃ֹ .;ם ַבדִ׃׃ֹ ֿזֶַׁ ֻםֹׁ .;4;3.32;ns;p
ֳה ֳ־ז װוַדֹ זהֹּֿ .;ֳה ױַָֽ װוַדֹ .;2.6;2.64;s;p
ַָב ֳַָ .;ַָב ֳַָ ם ַב׃ז .;1.4;2.45;s;p
׃ׁׁ ֵַָָֹּ ַב״ַבָםה .;׃ׁׁ ֵַָָֹּ ַב״ַבָםה בםודַ .;4;3.48;s;p
ֽ ַבָׁ דֿםהֹ דױׁ ם וֿ ַב־בםֹ דׁ ָה ַב־״ַָ .;ֽ ַבָׁ דױׁ ם וֿ ַב־בֱַ ַבַׁװֿםה .;2.8;2.64;s;p
ַה ֽײַֹׁ ָׁםֹ ֿםדֹ ם ֽײׁדז.;ַה ם ֽײׁדז ֽײַֹׁ ָׁםֹ ֿםדֹ .;4;3.32;s;p
ַה הםֹּ ֳ־ם דװֹׁ .;דםרׂ ֳ־ז .;2;2.43;s;np
םבם ַבֳ״ַב בל ֳָזםוד ַָ ַבֽםַֹ .;םבזד ַבֳ״ַב ֳָזםוד .;1;2.45;ns;p
ֳָּ ָװֽׁ ַבױםֿםה .;ֳָּ ָװֽׁ ַבױםֿםה בםודַ .;3.8;3.36;s;p
ַֽׁד ַבדּוַֿ .;דַ ַֽׁד ֵבַ ַבדּוֹֿ .;2.2;2.61;s;p
ֱַּ דה הּֽ ם ַבַדַֽה ַֽׁה .;ֱַּ ַב׀ם הּֽ ם ַבַדַֽה ַֽׁה .;3.8;3.36;s;p
ֳָּהם דַ בו .;ֳָּהם ַב׀ם בו .;3.8;3.5;s;p
ו׀ו ֳזַב ַבב׀םה ֳׁםַ ַבַֻֽֿ .;ו׀ו ֳזַב ַבװַוֿםה .;3;3.23;s;p
הד ו׀ו ַבֹׁ .;הד ו׀ו ַבֹׁ הםדַ ֽ׃הַ .;2.8;2.55;s;p
־ב ה ו׀ַ ַבַּדַ זֽײׁ ַבהֿזֹ .;ֽײׁ ַבהֿזֹ ֿזה ַבַּדַ .;3.4;3.2;s;p
םױזד ַבד׃בד װוׁ ׁדײַה .;םױזד ַבד׃בד .;1.8;2.36;s;p
ֳהד ״זה ַבֳׂוַׁ .;ֳהד בַ ״זה ַבֳׂוַׁ .;0;0.86;ns;np
ֳה ָם ֳָֻׁ דה ַב׃ׁ ַבדֽֿֿ .;ֳה בַ ָם ֳָֻׁ דה ַב׃ׁ ַבדֽֿֿ .;0;0.66;ns;np
בַ ּׁ םַ ָהם ֳדַד ַב׃םַַׁ .;בַ ּׁ ֳדַד ַב׃םַַׁ¡ םַ ָהם;4;3.63;s;p
בד םב ַבװַוֿ ֵבַ דַ ֲׁו .;ױֿ ַבװַוֿ .;4;2.89;s;p
בד םֽײׁ ַב״בַָ .;ַב״בַָ בד םֽײׁזַ .;4;3.43;s;p
׃ז םהַד ַבדׁםײ ָֿ הַזב ַבֿזֱַ .;׃םהַד ַבדׁםײ ָֿ הַזב ַבֿזֱַ .;3.6;3.61;s;p
בד ד״ׁ ַב׃דֱַ .;בד ד״ׁ ַב׃דֱַ ֳד׃ .;1.8;2.34;s;np
בה םֽײׁ ֳָז דה ׃ׁו ָב םזדםה .;׃םֽײׁ ֳָז ָֿ םזדםה .;2.6;2.52;s;p
ַּוֿזַ ם ״בָ ַבבד .;בַ ױׁזַ ם ״בָ ַבבד .;3.8;3.18;s;p
ָׁ ׃הם זבדַ ַװָ דה ַבבד .;ָׁ ׃הם זַם דה ַבבד .;0;1.11;ns;np
בַ ׃ׁ ם ַב״ַד .;ַױֿ ם ַב״ַד .;3.6;3.16;s;p
בד ׃ֿ ַבֽײַֹׁ ַבדַֿםֹ ַבָװׁ .;ֳֽׂה ַבֽײַֹׁ ַבָװׁ .;2.8;2.32;s;p
ֳזװ ַבַד בל ַבַהוֱַ.;ַָׁ ַבַד בל ַבַהוֱַ.;3.8;3.36;s;p
ַב״בַָ ַדזַ ָזַָּוד .;ַב״בַָ ֳֿזַ זַָּוד .;3.8;3.3;s;p
ַב״בַָ ַדזַ ָזַָּוד .;ַד ַב״בַָ ָזַָּוד .;3.8;3.64;s;p
ַָ ַבַּׁ ַבַָ ָײ ֻדהו .;ַװׁל ַב״ַבָ ַבַָ ָײ ֻדהו .;1.4;2.48;s;p
בַ םײם ֽ זֱַׁו ד״ַבָ .;בַ םײם ַבֽ ַבד״ַבָ ָו .;3.8;2.95;s;p
ֳהד הױזה בװֽׁ ַבֳ׃ַ׀ .;ֳה ׃דזה בװֽׁ ַבֳ׃ַ׀ .;1.8;3.07;s;p
ַבּהֿם ם׃ל בבהױׁ .;ַבּהֿם םׁםֿ ַבזׂ .;2.6;3;s;p
ַבּםװ םׂז דֿםהֹ ַבֿז .;ַבֿז םוַּד ַבּםװ .;0.6;1.57;ns;np
־ַבֿ ַּׁו ַָֹֽׁ .;ַֹּׁ ־ַבֿ ַָֹֽׁ .;4;3.59;s;p
ַבבו םָֽ ַבדֽ׃הםה .;םָֽ ַבבו ַבדֽ׃הםה .;4;3.61;s;p
ַבֻׁםַ הּד ם ַב׃דֱַ .;ַבֻׁםַ הּד .;4;2.86;s;p
ַבֳדב ֳ׃ַ׃ו ַבדב .;ֳ׃ַ׃ ַבדב ַבֳדב .;3.6;2.93;s;p
־ַבֿ ־בו ׁםד .;־ַבֿ דִָֿ .;2.2;2.36;s;p
ַבֽםַֹ זד בל ַבַֽ .;זד ַבֽםַֹ בל ַבַֽ .;3.8;3.52;s;p
ַבֽםַֹ זד בל ַבַֽ .;ַבֽםַֹ ַֽ .;3.4;2.75;s;p
ַבדױבזה ־ב ַבֵדַד .;ַבֵדַד ־ב ַבדױבםה .;0;1.05;ns;np
ַבדױבזה ־ב ַבֵדַד .;ַבֵדַד ֳדַד ַבדױבםה .;4;3.39;s;p
ָׁם ֳהַ .;ֳהַ ָׁם .;4;3.5;s;p
דדהז ַבֿ־םה ם ַבַַ .;ם ַבַַ דדהז ַבֿ־םה .;4;3.48;s;p
דה ם׀ַׁ םהּֽ .;ַב׀ם ם׀ַׁ םהּֽ .;3.6;3.39;s;p
דֽדֿ ַד .;ַד דֽדֿ .;4;3.36;s;p
ֳ־ם װׁםם .;װׁםם ֳ־ם .;3.6;3.52;s;p
ֳ׃ַ׀ם ֶַֿׁם ם ַבבד .;ֶַֿׁם ם ַבבד ֳ׃ַ׀ם .;3.8;3.45;s;p
ֳה דּוֿ .;דַ דּוֿ ֵבַ ֳה .;3.4;2.52;s;p
הֿ דַב .;דב דַבַ .;3.6;2.89;s;p
ם ַבַֿׁ ױַָֽוַ .;ױַָֽ ַבַֿׁ ם ַבַֿׁ .;4;3.18;s;p
בד םהּֽ ַבדודבזה .;בַ םהּֽ ַבדודבזה .;1.2;2.82;s;np
דַ ד־׀זב ַבױַֿזה .;בַ ם־׀ב ַבױַֿזה .;3.8;2.45;s;p
ַַֽֿד ֳׁוָ בֿזד .;ֳה ֽֿזַ ֳׁוָ בֿזד .;3.8;3.23;s;p
ַבהדםדֹ ֳה ׃ל ָםה ַֻהםה ׃ם ַָב׃ַֿ .;ַבהדםדֹ ֳה ׃ל ָםה ַֻהםה ַָב׃ַֿ .;3.8;3.14;s;p
ַבםָ ֳה ׁ ַבֽםֹ .;ַבםָ ֳה ׁ ַבֽםֹ ז׃ .;1;1.68;ns;np
ַבָ׃ַהם םהם ַָבֽֿםֹ .;םהם ַבָ׃ַהם ַָבֽֿםֹ .;3.8;3.27;s;p
ֽֿםהַ ֳׂוַׁוַ ּדםבֹ .;ֳׂוַׁ ַבֽֿםֹ ּדםבֹ .;2.4;2.55;s;p
זֱַׁ ב ּׁב םד ַדֳֹׁ .;זֱַׁ ב םד ַדֳֹׁ .;2;2.7;s;p
דַ ֳׁד ַבָׁם ֳַֽֿ .;דַ ֳץׁדף ֳֽֿס .;0.8;2.05;ns;np
דה ם ַבבו םבֽ .;ַב׀ם םם ַבבו םבֽ .;3.2;3.43;s;p
ַבדב ֽםַֹ .;ֵהדַ ַבדב ֽםַֹ .;3;3.39;s;p
ז ַבדהײֹֿ ַָ .;ַָ ז ַבדהײֹֿ .;4;3.64;s;p
ז ַבדהײֹֿ ַָ .;בל ַבדהײֹֿ ַָ .;3.8;3.11;s;p
ַבד״ׁ ׂםׁ .;ַה ַבד״ׁ ׂםַׁ .;0.4;2.18;ns;np
ֳײֽל ַבַדב דהודַ ם דבו .;ֳױָֽ ַבַדב דהודַ ם דבו .;2.2;2.86;s;p
ַָ ַבֶַֿ ׃ַוַׁ .;הַד ַבֶַֿ .;0.8;0.86;ns;np
ַבֽֿ דׁזײ .;בם׃ ַבֽֿ דָזבַ .;3;2.93;s;p
דַַׂב ַבֿז הַדַ .;דַַׂב ַבֿז ַײַָ .;2.8;2.95;s;p
ַה דֽדֿ דּוַֿ .;ַה דּוַֿ דֽדֿ .;3.8;3.55;s;p
ַה ׂםֿ ֶַדַ .;ֶַדַ ַה ׂםֿ .;3.8;3.34;s;p
ֱַּ דה ַה םָׁ ָ׃־ֱַ .;ֱַּ ַב׀ם ַה םָׁ ָ׃־ֱַ .;3.8;3.36;s;p
ֳ־׀ ַבֿׁ םׂדּׁ .;ֳ־׀ ַבֿׁ םױזר .;3.6;2.7;s;p
ַבּז םױֽז .;ֳ־׀ ַבּז םױֽז .;3.2;2.93;s;p
ּב ַב״ַבָ םֿׁ׃ .;ּב ַב״ַבָ םבד .;1.4;2.59;s;p
ַָ ַבדׁםײ זוז דזּ .;ַָ ַבדׁםײ דֳבדַ .;3.8;3.07;s;p
דַַׂב ֳדַדהַ ד׃ דה ַבז .;דַַׂב ֳדַדהַ ֻםׁ דה ַבז .;3.8;3.16;s;p
ַָ ַב״ַבָ ם׀ַׁ ֿׁז׃ו .;׀ַׁ ַב״ַבָ ֿׁז׃ו בםבַ .;2;2.32;s;p
׃״ ַבד״ׁ ַָֹׁׂ .;ַהודׁ ַבד״ׁ .;3.8;3.2;s;p
ַֿ ַבםד ֳה םהװ .;ַֿ ַבםד ֳה ם־ם .;3.8;3.16;s;p
ַב׃ָֽ ָּֽ ַבװד׃ .;ַה ַב׃ָֽ ָּֽ ַבװד׃ .;1.2;2.52;s;np
ּב ַב״ֶַׁ םׁׁ ָּהַֽםו .;ּב ַב״ֶַׁ םֽׁ ּהַֽםו .;3.8;3.16;s;p
ּב׃ ֽםֻ ׂםֿ ַּב׃ .;ּב׃ ֽםֻ ׂםֿ .;3.6;3.18;s;p
ַ׃ם ֵ׀ַ ַבװד׃ ״ַבֹ .;ַ׃ם זַבװד׃ ״ַבֹ .;2.4;2.89;s;np
ֳָֽ ַבׁםַײֹ זבַ ׃םדַ ַב׃ַָֹֽ .;ֳָֽ ׁםַײֹ ַב׃ַָֹֽ .;2.2;2.8;s;p
ֳָֽ ַבװׁ זבַ׃םדַ ַבװׁ ַבֿםד .;ֳָֽ ַבװׁ ַבֿםד .;3;2.73;s;p
בב דֽדֿ ם ַבַֿׁ .;בב ם ַבַֿׁ דֽדַֿ .;3.6;3.3;s;p
ַב״ַבַָה דּוַֿה .;ֵה ַב״ַבָםה דּוַֿה .;3.6;3.43;s;p
ֵה הֿ ־״ז״ ַבהַׁ ֳ׃זֿ .;ֵה ֳ׃זַֿ הֿ ־״ז״ ַבהַׁ .;3.8;3.36;s;p
ױםׁ ַבֿם ־ַָׂ .;ַה ַב־ָׂ ֿםַ .;1.2;2.41;ns;p
ֿׁ דֿםׁ ַבװֹׁ ״בָ ַבדז .;ֿׁ ַבװֹׁ ״בָ ַבדז .;1.6;2.77;s;p
ַבֽםַֹ םהָם ֳה זה ּדםבֹ .;ַבֽםַֹ ּדםבֹ .;0;2.09;ns;np
בםהם ֳ״ם ַבּזׂ ָֿב ַבׁװ ַֻהםה .;בםהם ֳ״ם ַבּזׂ ׁװםה ָֿב ַבׁװ .;4;3.52;s;p
ַבדֳֹׁ ׃ּֿם בל ַֹׁ ַב״ׁם .;ַבדֳֹׁ ״בָ ַבדַב .;2.2;2.23;s;p
ֳ״ל ַבהם ַבדַּֽ דַבַ .;ֳ־׀ ַבדַּֽ דַבַ דה ַבהם .;2;2.75;s;np
ה׃ ַבױָֽ .;וׁ ַבױָֽ .;3.8;2.86;s;p
ַהװ ַבבַד .;ַׂב ַבבַד .;4;3.02;s;p
־״ָ ַב־״םָ בל ַבדהָׁ .;־״ָ ַבּׁב ַבדֳֹׁ .;0;0.66;ns;np
ֽױֿ ַבדַׁׂ ַבדֽ .;ֽױֿ ַבדַׁׂ ַבֽב .;1.4;2.43;s;p
דהֽ ַבהם ַבםׁ ּבַַָָ .;ֳ״ל ַבהם ַבםׁ ּבַַָָ .;3.4;3.3;s;p
ּׁ דֽדֿ ֵבל ַבױזַָ .;ּׁ דֽדֿ ה ַב־״ֳ .;3.6;2.93;s;p
ֳ־ָׁ ָהַּֽ ַָה .;ֳ־ָׁ ֳָה ַָה הַּֽ .;3.6;3.18;s;p
םַזה ַבזַבַֿה ם ָׁםֹ ַבֳזבַֿ .;ַבזַבַֿה םַזהַה ם ָׁםֹ ַבֳזבַֿ .;4;3.48;s;p
ַֽׂד ַבַֹ ַבל ם דםַֿםה ַבדב .;װַׁ ַבַֹ ַבל ם דםַֿםה ַבדב .;1.4;2.32;s;p
׃״ װד׃ ַבֽׁםֹ ם ב דַה .;ֽ ַבֽׁםֹ ם ב דַה .;3;3;s;p
ַבַּדַ ַֽֿׂד ַָב״ַבַָ .;ַבַּדַ דֹ ַָב״ַבַָ .;3;3.27;s;p
ֽײׁ ַבםזד ׃ַֿ .;ֽײׁ ׃ַֿ ַבםזד .;3.8;3.43;s;p
םָֽ ַבַוֹׁ ֻםׁ דה ַבהַ׃ .;םָֽ ֻםׁ דה ַבהַ׃ ַבַוֹׁ .;4;3.41;s;p
םׁ ַבײב דה ַבהַ׃ ׀זזו .;םׁ ַבײב דה ַבהַ׃ ֳױַָֽו .;4;3.11;s;p
םֿל ֳוב ַבז״ה ַבז״ה .;םֿל ב ז״ה ֳובו .;3.4;3.11;s;p
םָֽ ַב״ב ַבבָ .;ֵהדַ םָֽ ַב״ב ַבבָ .;3.2;3.27;s;p
ַבד׃ֳבֹ ודוַ ַב״ַבָ .;וד ַב״ַבָ ַבד׃ֳבֹ .;3.4;3.3;s;p
םדה ַב׀וַָ ַבֲה .;םדה ֳה ׀וָ ַבֲה .;4;3.41;s;p
ֳ׀ַ זַבַ ַבֳהֱַָ ַב־ָׁ .;ֳ׀ַ ַב־ָׁ זַבַ ַבֳהֱַָ .;4;3.52;s;p
ָם ַבַָ ָֻדה ַב .;ָם ַבַָ ָֻדה ַָו .;4;3.32;s;p
ַבֳדוַ םׁײה ֳ״ַבוה .;ׁײ ַבֳדוַ ֳ״ַבוה .;4;3.48;s;p
־ַ ַב״ב .;־ַ ַב״ב דה ַבבָ .;0.6;2.11;ns;np
םױֽ ַבהַ׃ ַבֶַּֿׁ .;םױֽ ַבהַ׃ ַבֶַּֿׁ ױַַָֽ .;1.8;2.43;s;p
זַ ּדם ַבֳײֱַ בל ַבַׁׁ .;זַ ַבּדם בל ַבַׁׁ .;2.6;2.91;s;p
ַה־ָ ַב״בָֹ ֶׁם׃ַ .;ַה־ָ ַב״בָֹ ֶׁם׃ַ בוד .;3.6;3.09;s;p
ֿֿׁ בם .;ֿֿׁ בם ֽםה הַֿםהם .;2.4;2.43;s;p
ַבד׃ַׁזה ֳֿזַ בב׃ׁ ֿו .;ַבד׃ַׁזה  ּוׂזַ בב׃ׁ .;3.6;3.11;s;p
ַבַָֻֽ ַוֿל ֵבל ַבױזַָ .;ַבַָֻֽ ַוֿל ֵבל ַבױזַָ ֳׁײל ״דזֽו .;2.2;2.64;s;p
״בָהַ ׁײַ ֻםַׁ .;״בָהַ ׁײַ ֻםַׁ בַ דַֿל ם ַבײָ .;3;2.45;s;p
ֳב ֳבַ ֻםַׁ .;ֳב ֻםַׁ .;4;3.3;s;p
ּב׃ ַבזבֿ .;ּב׃ ַבזבֿ ּבז׃ ַבדבדםה .;1.4;2;s;p
׃ַׁ ַבדׁםײ ֵבל ָׁם״ַהםַ .;׃ַׁ ַבדׁםײ ֵבל ָׁם״ַהםַ ״בַָ בבבַּ .;2.8;2.2;s;p
ֿד ּםװהַ הֽז ַבֿז .;ֿד ּםװהַ הֽז ַבֿז זַַֻ דה ה׃ו .;2.6;2.57;s;p
ֳױבם ב םזד ־ד׃ ױבזַ .;ֳױבם םזדםַ ־ד׃ ױבזַ .;4;3.3;s;p
הװׁ ַבֳװַּׁ בל ײם ַבהוׁ .;הװׁ ַבֳװַּׁ בל ַבײםה .;3.8;3.02;s;p
ׁ װַַָ דה ַָ׃ַה .;ׁ װַַָ ַָ׃ַהםַ .;3;3.45;s;p
ֳׁם ַבֳ׃ַ׀ ם ַבד׃ּֿ .;ֳׁם ַבֳ׃ַ׀ ה׃ו ם ַבד׃ּֿ .;2.8;2.98;s;p
׃ַׁ ׃ַׁ ״זםבַ .;׃ַׁ ״זםבַ .;3.2;3.14;s;p
ּב׃ ּב׃ֹ ַבׁױֱַ .;ּב׃ ַבׁױֱַ .;4;2.8;s;p
׃ֳׂזׁ בםבַ בַ הוַַׁ .;׃ֳׂזׁ הוַַׁ בַ בםבַ .;0;0.95;ns;np
ו׀ַ וז ַבַ־בַױ .;ו׀ַ וז ַבֵ־בַױ ָםהו .;3.2;3.02;s;p
ַדֿ בל ַדב דה דבו .;ַדֿ בל דה דבו .;3.6;3.11;s;p
ַזה ַב״ַבַָה ם ד׀ַֹׁ ַבֿׁ׃ .;ַזה ַב״ַבַָה ם ָהֱַ ַבדהׂב .;0.2;1.05;ns;np
ַבהם ָׁ ָדַבו בבֱַׁ .;ַבהם ָׁ בבֱַׁ .;2.2;3.05;s;p
ַהױׁ ַבֳָ״ַב ם ַבדֹׁ .;־׃ׁ ַבֳָ״ַב ם ַבדֹׁ .;0;0.91;ns;np
׃ַֿ ַבדֳֹׁ ׂזּוַ .;׃ַֿ ַבדֳֹׁ ׂזּוַ ם ַבֽםַֹ .;3;2.68;s;p
ֳ״ל ַבֳ׃ַ׀ ַבֶַֹּׂ ״ .;דַ ֳ״ל ַבֶַֹּׂ ֵבַ ַבֳ׃ַ׀ .;2;2.5;s;np
ם׃ד ַבַב ַבהױםֹֽ .;בַ ם׃ד ַבהױםֹֽ ֵבַ ַבַב .;3;2.93;s;p
ַֿ ַב׃םהֹ ַָׁהוַ .;ַבַָׁה ַֿ ַב׃םהֹ .;3.6;3.48;s;p
ֳׁד ָדֽדֿ זֳד ָו .;ֳׁד ָדֽדֿ זֳד .;4;3.48;s;p
דַ ַד ֵבַ והֿ .;דַ ַד ֳֽֿ ֵבַ והֿ .;2.8;3.39;s;p
םֳׁ ַב״ַבָ ַבַָ ָוד .;םֳׁ ַבַָ ָוד .;1.8;2.91;s;p
ׁ ַהױַׁ ַבֽ .;ׁ ֳה ַבֽ םהױׁ .;3.8;3.11;s;p
ַ׃־ּׁ ַב״ַבָ ַבּזַָ .;ַ׃־ּׁ ַב״ַבָ ַבּזַָ דה ַבַָ .;1.8;2.59;s;p
ֳ־ּׁ ַבֽד ַבבַָ .;ֳ־ּׁ ַבֽד ַבבַָ דה ַבדבָ .;3.2;2.91;s;p
ױֿ ַבֳ׃ַ׀ ״בָו .;ױֿ ַבֳ׃ַ׀ ״בָו ם ַבזֿ .;2.6;2.66;s;p
ַב״ַבָ ַוד ַבדַֽײֹׁ .;ֵה ַב״ַבָ ַוד ַבדַֽײֹׁ .;3.2;3.41;s;p
דה ַּוֿ בו ַבּהֹ .;דה ֳ״ל זַּוֿ בו ַבּהֹ .;2.6;2.68;s;p
ׁ׃ ַבָ׃ַהם ַבװֹּׁ .;ׁ׃ ַבָ׃ַהם ַבװֹּׁ ם ַבֽֿםֹ .;2.4;2.59;s;p
׃ז ַבםׁ ֻזַָ .;׃ז ַבםׁ .;2.4;2.86;s;p
ֳ׀ׁ ֿםַׁ ַבֳַָָֽ .;בַ ֳה׃ל ֿםַׁ ַבֳַָָֽ .;1.4;3.02;s;p
ַבׂד ַבבד זַבדב .;ד׃ ַָבבד זַבדב .;3;3.23;s;p
ַָֿ םה זַבהׁ ֵבל דַ בַ םֽב .;םה זַבהׁ ֵבל דַ בַ םֽב .;4;3.07;s;p
ַהױׁהַ בל ַבֿז .;ַהױׁהַ בל ַבֿז ַהױַַׁ ֿםֹֿ .;1.4;2.39;s;p
״ בל ַבֱַׁ .;״ בל ַבֱַׁ ״בַָ בבֻזַָ .;2;2.43;s;p
־ּׁ בבױםֿ ם ַבַָֹ .;־ּׁ בבױםֿ ם ַבָׁ .;0.8;2.27;s;p
ּב׃ דֹֿ ״זםבֹ .;ּב׃ דֹֿ ״זםבֹ ֳװַוֿ ַבדַַָֹׁ .;1;1.89;s;p
ז ׂדהַ ״זםבַ ֳֳדב ם ױה ַבבו .;ז ״זםבַ ֳֳדב ם ױה ַבבו .;4;3.36;s;p
ּב׃ ָׁ ַבֳ׃ַ׀ .;ּב׃ ָׁ ַב״ַבָ .;0;1;ns;np
ֳם ז ״בז ַבװד׃ .;ֳם ״בז ַבװד׃ .;4;3.11;s;p
דװם הױ ַבםזד .;דװם ָײ ַבםזד .;1.4;1.98;s;np
ֳ־בױ ׃ַֹ ַבדב.;׃ַֹ ַבדב ֳ־בױ םוַ .;3.6;3.07;s;p
ֳ״ד ַבװַֹ ָהַ ז׃םוַ דֱַ .;ֳ״ד ַבװַֹ ָהַ זדֱַ .;4;3.25;s;p
׃ַׁ ד׃ֱַ ד ׁזָ ַבװד׃ .;׃ַׁ ד׃ֱַ ד דםָ ַבװד׃ .;4;3.36;s;p
ֳַָּ ַבַ׃ַ׀ .;ֳַָּ ַבֳ׃ַ׀ דָ׃דַ .;1.6;2.2;s;p
״ב ַבבױ ָֹ .;״ב ַבבױ ֳֹּ .;3.8;3.25;s;p
ֳָב ַבָׁם ײַַֽ .;ֳָב ײַַֽ ַבָׁם .;3.8;3.34;s;p
״ ַב״ב ַבזֹֿׁ דֹֽ .;״ ַב״ב דֹֽ ַבזֹֿׁ .;3.8;3.18;s;p
הׁ ֵבל ַבֳ׃ַ׀ .;הׁ ֵבל ַבֳ׃ַ׀ דַֽײַׁ .;1.4;2.7;s;np
ֱַּ ַבֳ׃ַ׀ דַֽײַׁ .;דַֽײַׁ ֱַּ ַבֳ׃ַ׀ .;4;3.32;s;p
ׁ׃הַ ַבֳׁײ ֳװַַּׁ .;ׁׂהַ ַבֳׁײ ֳװַַּׁ .;3.6;3.09;s;p
דַ בד ֵבַ ַבֳ׃ַ׀ .;דַ ֳׁם ֵבַ ַבֳ׃ַ׀ .;0.2;1.05;ns;np
׀ַׁ ד׀ַֹׁ דםֹֿ .;׀ַׁ ד׀ַֹׁ ַבדּוֿ .;1.8;2.25;s;np
ַּוֿ ַבֱֳַֿ ־זַ דה ַבוׂםדֹ .;ַּוֿ ַבֱֳַֿ ָֹׁ ם ַבהױׁ .;2.2;1.98;s;p
ַװׁ ם ַבֽׁבֹ בדװַוֹֿ ַבֲַֻׁ .;ַװׁ ם ֽׁבֹ ַבװַֹ בדװַוֹֿ ַבֲַֻׁ .;2.4;2.61;s;p
הּֽ ַ״דֹ .;דַ הּֽ ֵבַ ַ״דֹ .;1.4;2.27;s;np
ַװׁ ם ַבֽׁבֹ בדװַוֹֿ ַבֲַֻׁ .;ַװׁ ם ַבֽׁבֹ בֳ־םד ם ַבױֱַֽׁ .;0.4;0.93;ns;np
־ּׁ בבױםֿ ם ַבַָֹ .;־ּׁ בבױםֿ ם ַבָֽׁ .;0.4;1.02;ns;np
׀וָ ֵבל ַבַּדֹ בֵבֱַ ַבדַֽײֹׁ .;׀וָ ֵבל ַבַּדֹ בֽײזׁ ַבדַֽײֹׁ .;0.4;1.23;ns;np
ַָֿ ד זַבַֽׁד .;ד זַבַֽׁד .;3.6;3.05;s;p
ּב׃ דֹֿ ״זםבֹ ֳװַוֿ ַבדַַָֹׁ .;ּב׃ דֹֿ ״זםבֹ בהםד ַבדַַָֹׁ .;0.2;1.43;ns;np
ֳבם ַבדַֽײֹׁ ם םזד ֿ .;ֳבם ַבדַֽײֹׁ ַֿ .;4;3.36;s;p
ַב״בָֹ ם׀ַׁזה ־ז דה ַבׁ׃זָ .;ַב״בָֹ ם׀ַׁזה ָֹׁ ם ַבהַּֽ .;2.2;2.39;s;p
ֵ׀ַ וד ַבדַֽײֹׁ ַָוַ .;ֵ׀ַ וד ַבׁ׃ַבֹ ַָוַ .;0.8;1.86;s;np
ֵ׀ַ וד ַבדַֽײֹׁ ַָוַ .;ֵ׀ַ וד ַבדַֽײֹׁ ַװֽׁוַ .;2;1.61;s;p
דװם דםבַ בֳָֻֽ ה ַבױםֿ .;דװם דםבַ ַַָֻֽ ה ַבױםֿ .;3.8;3.45;s;p
׃ׁ דםבַ בבהׂו .;׃ׁ דםבַ בל ֿדםר בבהׂו .;3.2;2.77;s;p
ַהׁ ֳדַד .;ַהׁ ֳדַד .;2.8;3.11;s;p
 ַבֳזב .; ֳזב ַב״ַָזׁ .;2.8;2.32;s;p
ׁ הֿ ַבַָ .;ׁ הֿ ַב״ב .;0;0.93;ns;np
זבל ַבֿז .;זבל ַבֿז דַָֿׁ .;3;2.27;s;p
ַָֽׁהַ ַבַ׃דַׁ ֳזדַ .;ַָֽׁהַ ֳזַדַ .;1.6;2.3;s;np
ַָֽׁהַ ַבַ׃דַׁ .;ַָֽׁהַ ַבַ׃דַׁ ֻדַהםה ַדַ .;2.8;2.3;s;np
ַװׁם ׁ״ב ׃ב .;ַװׁם ַב׃ב ׁ״בַ ָהױ ֿםהַׁ .;1.2;2.41;s;np
ַװׁם ַב׃ב ׁ״בַ ָהױ ֿםהַׁ .;ַװׁם ַב׃ב ָהױ ֿםהַׁ .;1.4;2.82;s;np
וז ֳױֽ ַבהַ׃ .;וז ֳױֽ ַבהַ׃ ־״םַָ .;1.2;2.41;s;np
וז ַּׁם ָם ָם .;וז ַּׁם ַבדבַױ .;4;3.02;s;p
ֽײׁ ַבֳ׃ַ׀ ֵבל ַבַּדֹ ד׃ַׁ .;ד׃ַׁ ֽײׁ ַבֳ׃ַ׀ ֵבל ַבַּדֹ .;3.8;3.43;s;p
ֽײׁ ַבֳ׃ַ׀ ֵבל ַבַּדֹ .;ֽײׁ ַבֳ׃ַ׀ ֵבל ַבַּדֹ ד׃ַׁ .;1.2;2.5;s;np
װָׁ והםֶַ דׁםֶַ םׁ ֱַֿ ד־ַדׁ .;והםֶַ דׁםֶַ םׁ ֱַֿ ד־ַדׁ .;4;2.48;s;p
דַ ֳֽ׃ה ַב״ַזז׃ .;דַ ֳֽ׃ה ַב״ַזז׃ דָבַ .;1.8;2.41;s;np
ׁ׃הַ ַבֳׁײ .;ׁ׃הַ ַבֳׁײ ֳװַַּׁ .;2.6;2.48;s;p
ַװׁם ־ד׃ֹ ֳבַד .;ַװׁם ־ד׃ֹ ָ .;0;1.14;ns;np
ַב״ַבַָה הַַּֽה .;בַ הַּֽ ׃זל ״ַבָםה .;0.6;2.11;ns;np
בַ דױַׁ ם דבו דדֿזֽ.;בַ דױׁ ם דבו דׁזָ םו .;1.4;2.43;s;np
בַ ־םׁ והַ ײֶַַ .;בם׃ והַ ־םׁ ײֶַַ .;3.6;3.09;s;p
ֳׁ ַבַָ .;ַבַָ ֳׁו .;3.6;3.43;s;p
׀וָ ַבװֱַ .;ֳָב ַבױם .;1.2;2.39;s;p
ַָׁ ַבַד ֳה םהױׁד .;ַָׁ ַבַד בל ֳה םהום .;3.4;2.95;s;p
בַֽ ַבֳ׃ֿ ַבַׂב .;בַֽ ַבֳ׃ֿ ַבהדׁ .;0;1.34;ns;np
וׁ ַבװד׃ ָֿ ַבדׁ .;םוׁ ַבדׁ ָֿ ַבװד׃ .;10;2.25;s;p
־ב ַבהַ׃ ּדםַ דה ַָׁ .;־ב ַבהַ׃ ּדםַ דה ״םה .;3.6;2.45;s;p
ַבֿזֹֽ ַױדֹ ״ׁ .;״ׁ ַױדוַ ַבֿזֹֽ .;4;3.34;s;p
ֳׁם ַבֳהַד ׃םׁ ד ַב״ם .;ֳׁם ַבבַָ ם׃םׁ ד ַבׁם .;0;0.91;ns;np
דׁ ַבדדבֹ ֳָּזֱַ ֶַֹֿ .;דׁ ַבדדבֹ ֳָּזֱַ ַֹֽׁ .;1.8;2.11;s;np
ַבבםֻ ֳָז ַבװָב .;ַבװָב ֳָז ַבבםֻ .;0;1.25;ns;np
ױז ַבבָ ם׃דל זֱַ .;ַבזֱַ ױז ַבבָ .;4;3.43;s;p
ַ׃ֿ בֱֳַֿ ַבַדַֽה .;ַ׃ֿ בֱֳַֿ ַבֽױ .;4;2.95;s;p
ַבזבֿ ׃ׁ ֳָםו .;ַבזבֿ ׃ׁ זַבֿו .;4;3.5;s;p
ַװׁל ַב״ַבָ ֻבַֹֻ ָ .;ַװׁל ַב״ַבָ ֻבַֹֻ ד״ָזַ .;2.6;2.32;s;p
ַה ַבדַׁׂ ם׃ז ּדם ַבֳהַד .;ַה ַבדַׁׂ ם׃ז ּדם ַבֽםזַהַ .;1;2.11;s;p
ַהװׁ ַבֳדַׁײ ם ַבׁםֹ .;ַהװׁ ַבַֻּׁםד ם ַבּז .;0.8;1.64;ns;p
ם׃דל ָם ַבֳ׃ֿ ׁםהַ .;ָם ַבֳ׃ֿ ׁםה .;4;3.25;s;p
״ָ־ ַבֳד בל ַבםֿ ַַּּֿ .;״ָ־ ַבֳד בל ַבםֿ ָ״ַ .;1;1.61;s;p
ָׁ ַבהם ָדַבו בבֱַׁ .;ָׁ ַבֻׁם ָדַבו בבֱַׁ .;4;3.45;s;p
ׁׂ ֻםַׁ דה ַבֳװַּׁ .;ׁׂ ֻםַׁ דה ַבהַַָ .;2.2;2.34;s;p
ׁ׃ד ַב״ַבָ װבַ והֿ׃םַ .;ׁ׃ד ַב״ַבָ ד׃״םבַ .;1.8;2.41;s;p
ֳׁל ֳַׁ ָםַׁ .;ֳׁל ֽםזַהַ ָםַׁ .;1;2.09;s;p
ֳׁ ָםַ דה ַבװׁ .;ֳׁ ױםֹֿ װׁ .;1;1.89;s;p
ַבבםב ם־ם ַבֳ״ַב .;ַבבַד ם־ם ַבֳ״ַב .;1.2;2.91;s;p
ַב־םַ״ ם־ם״ ַבדַװ .;ַב־םַ״ םױ ַבדַװ .;0.6;1.52;ns;np
ַָ׃ד ַבֳ׃ַ׀ הֿ זׂ ַב״ַבָ .;ײֽ ַבֳ׃ַ׀ הֿ זׂ ַב״ַבָ .;1;2.36;ns;p
ַבבד הזׁ םוֿם ַבַה׃ַה בב״ׁם .;ַבבד וז דה םוֿם ַבֵה׃ַה בב״ׁם .;2.2;3.2;s;p
ֱַּ ־ַבֿ ַבַָֹֽׁ דֳ־ַׁ .;ֱַּ  ־ַבֿ ַבַָֹֽׁ דַָׁ .;0;1.16;ns;np
ֱַּ ־ַבֿ ַבַָֹֽׁ דֳ־ַׁ .;דֳ־ַׁ ֱַּ ־ַבֿ ַבַָֹֽׁ .;4;3.27;s;p
ֱַּ ־ַבֿ ַבַָֹֽׁ דֳ־ַׁ .;ַֿ ־ַבֿ ַבַָֹֽׁ דֳ־ַׁ .;3;3.18;s;p
ּׁ דׁז ֵבל ַבָם ם ׃ַֹ דֳ־ֹׁ דה ַבבםב .;ּׁ דׁז ֵבל ַבָם דֳ־ַׁ ם ׃ַֹ דה ַבבםב .;3.4;3.39;s;p
ּב׃ ַבּׁב בל ַבדֿ .;ּב׃ ַבּׁב בל ַבװָ .;0.4;0.84;ns;np
ֳׁם ַבַָֹֽׁ דֽדַֿ ַֽׁ .;ֳׁם ַבַָֹֽׁ דֽדַֿ ׃םַֿ .;3;3.14;s;p
ֳ״ם ַבֳ׃ַ׀ זַֿ .;ֳ״ם ַבֳ׃ַ׀ בדַ .;0;0.75;ns;np
םׂםֿץ ַבַּׁ ם ֻדה ַב׃בֹ .;םׂםֿ ַבַּׁ םׂםֿ ם ֻדה ַב׃בֹ .;2.6;2.61;s;p
ױר ַבֳד בל ַָהוַ ֳּדב ַבַֽםַ .;ױר ַבֳד בל ַָהוַ ֳּדב ַבַֽםַ¡ זום ױ ַבדַװ ז־ם״ו;2;2.22;s;p
ָץׁרף ָזַבֿ ַבד׃םה .;ָץׁרף ָזַבֿ ַבד׃םה זֳֽײׁ בו ָץׁרנַ דַ ״בָ .;1.6;2.27;s;p
ַב בם ַָהם ָׁם: ֳה ָׁם דׁם .;ַב בם ַָהם ָׁם: ֳה דׁם .;1.6;2.36;s;np
׃דרל דזבֿו ַבּֿםֿ םֽםל .;׃דרל דזבזֿו ַבּֿםֿ םֽםל בםֽםַ .;2.2;2.68;s;np
־ַבם םָֽר װָׁ ַבֽבםָ .;־ַבם םָֽר װָׁ ַבֽבםָ ־ַבם ַבֿ׃ד .;2;2.32;s;p
ֳַׂב ־ַב ֳדם ַָבבםׁׂ ַבָֽזָ דה זּוו .;ֳַׂב ־ַב ֳדם ַָבבםׁׂ ָֽזָ ַב־ַב דה זּוו .;2;2.5;s;p
ם ַבױב ַבֳזב ַבַֿׁ׃ם ֳהוםהַ ַבַָ .;ם ַבױב ַבֳזב ַבַֿׁ׃ם ֳהוםהַ ֳֽֿ װׁ ױבַ דה ַבַָ .;0.4;1.82;ns;p
םֻׁ ַבףױב ַבוֶַָׁםר ם ױב ַבױרם הםֹּ ַבֽדב ַבֶַֿׂ .;םֻׁ ַבױב ַבוֶַָׁםר ם ַבױרם הםֹּ ַבֽדב ַבֶַֿׂ .;4;3.48;s;p
ז״צֶץ ָו׀ו ַבֿד בל װםֱ ױץבָ .;ז״צֶץ ָו׀ו ַבֿד בל װםֱ ױץבָ בַ םַּזׂ ״זבו ַבֿד זַבהױ .;2;2.55;s;p
בד םַּזׂ ׃הר ֳ־ם ַבױםֹׁ ׃ֹ ֳװוׁ .;בד םַּזׂ ׃הר ֳ־ם ַבױםֹׁ ׃ֹ ׃ֹ ֳװוׁ ֽםה הָ בוַ ֳזרב ׃הר .;0.4;1.77;ns;p
ַב״ַבָֹ זׁזֿ ־ֿזֿוַ דֽדׁרֹ .;ַב״ַבָֹ זׁזֿ ־ֿזֿוַ דֽדׁרֹ ַבזׁזֿ .;3.4;2.82;s;p
׀ַׁ ַבּׁב ַבֲבם ֽׁ ד׃ַֹ .;׀ַׁ ַבּׁב ַבֲבם ֽׁ ד׃ַֹ ׀ַׁ זהױ .;1.8;2.16;s;np
ׁר ֵבל װ־ױ םֿל ַבײב .;ׁר ֵבל װ־ױ םֿל ַבײב¡ זַה בו בםר בר ַבײב.;2.2;2.15;s;np
ױל ַבזבֿ ֳַָו .;"ױל ַבזבֿ ֳַָו÷ ײָׁו ַָבױַ .";1.2;2.07;s;np
ָׁר ַבזַבֿםה ּוַֿ ם ׃ָםב ַבבו .;םַ ֳ־ם ּוַֿ¡ ָׁ ַבזַבֿםה ּוַֿ ם ׃ָםב ַבבו;2.4;2.59;s;p
ַֿׁ ַבױַׁ ֽזב ַבּזׂ ַבדםֱַ .;ַֿׁ ַבױַׁ ֽזב ַבּזׂ ַבדםֱַ זום בַ ֽזב בוַ ם ֿוד הוַ;1;2.24;ns;p
ֳֿׁ ױֿםם ַבֽםֹ .;ֳֿׁ ױֿםם ַבֽםֹ ָֿ ֳה ֳֿׁו ַבז .;1.4;1.89;s;np
׃ֳבו ֳה םזׁ בם דבַ .;"׃ֳבו ֳה םזׁ בם דבַ÷ ׃ֳבהם ה װוַַֿם .";1.6;1.95;s;p
םּׁם ַבבַָ הֽז ַבדׁדל בםֽׁׂ וַֿ .;םּׁם ַבבַָ הֽז ַבדׁדל בםֽׁׂ וַֿ¡ זֳַֻֽֿ ַבדַַָֹׁ ּׁם בױַבֽ ׁםו;2.2;2.35;s;p
ב־ױ ַבֳ׃ַ׀ בהַ דַֹֿ ַבהֽז ם ־ד׃ זװׁםה זֹׁ .;ב־ױ ַבֳ׃ַ׀ בהַ דַֹֿ ַבהֽז ם הֽז ־ד׃ זװׁםה זֹׁ .;2;3.23;s;p
בד םה ֳדַדו דה ־צםַׁ ׃זל ֳה םָֻֽ ה ־צםַׁ ַבהַ׃ בד׃ַֿו .;בד םה ֳדַדו דה ־צםַׁ ׃זל ֳה םָֻֽ ה ַבהַ׃ בד׃ַֿו .;2.2;3.07;s;p
ה ֳהו דה ־םַׁ ַבהַ׃ .;ה ֳהו דה ־םַׁ ַבהַ׃¡ זױַׁו בד ָצ בם דה ־םַׁ ֵבַ דַ״ו;2;1.96;s;np
׀וָ ַבּׁב זׂזּו בװֱַׁ ־ַד .;׀וָ ַבּׁב זׂזּו בװֱַׁ ־ַד דה ׀וָ .;2;2.44;s;p
זײ ֶַֹֿׁ ַבֵֽױֱַ בל ַבדהַׂב ֳַׁדַ .;זײ ֶַֹֿׁ ַבֵֽױֱַ בל ַבדהַׂב ֳַׁדַ דזרהֹ דה ֻבַֻ דהַׂב .;2.2;2.3;s;p
ֵה רדֹׁ ַבַׁדֹ ֻֽֿ ַׁם־ם דװׁ .;ב בבַד ֻֽֿ ַב׃הר: ֵהר דֹׁ ַבַׁדֹ ֻֽֿ ַׁם־םר דװׁ .;2.4;2.44;s;p
הֽב בר ַד ָ׀ׁל דֹׁ ַבַׁדֹ .;הֽב בר ַד ָ׀ׁל דֹׁ ַבַׁדֹ ַבם ֽ ַבַׁדֹ בבָׁ .;3.2;2.86;s;p
ּהל ַב״ד בל ַבדַׁׂ ֽםֻ ּהל ַבֻדַׁ ָב ֳה הײּ .;ּהל ַב״ד בל ַבדַׁׂ .;1.2;2.21;s;np
בד ֳדה דה װֽה ָ״ַׁםֹ ַבּזַב .;בד ֳדה דה װֽה ָ״ַׁםֹ ַבּזַב ַבָײֶַ ַבם זױבהם ַָבװֽה ַבֹ;1.2;1.98;s;np
ׁםָ ו׀ַ ַבֶַה ַבָװׁםר .;ׁםָ ו׀ַ ַבֶַה ַבָװׁםר¡ ֵהרו םַדב ד ַבֳדׁ ֳהו ֶַה בַ דַֽבֹ.;0.6;1.93;ns;np
ו׀ַ ַבֽםד םַבּ ַבדׁײל .;ו׀ַ ַבֽםד םַבּ ַבדׁײל¡ בהו בד םה ֽםדַ ם ַדבו דוד.;0.6;1.98;ns;np
ֽבר ַָבדֿםׁ הֶַָֹ ם ֵַֿׁו בבװֹׁ .;ֽבר ַָבדֿםׁ הֶַָֹ ם ֵַֿׁו בבװֹׁ םרה הֶַָֹ הו ֿםׁ ַבדב .;1;2.67;ns;np
זברל ַבזַבֿ ַָהו ד׃ִזבםֹ ַבװֹׁ .;זברל ַבזַבֿ ַָהו ד׃ִזבםֹ ַבװֹׁ¡ ָֿ ֳהר זברל ַבדׁ.;1.4;2.5;s;np
״ֽׁ ַבַָ ַּהַָ .;״ֽׁ ַבַָ ַּהַָ ָֿ ֳה ֽבב זַָּ ַב״ֽׁ .;1.6;1.88;s;p
״ װז״ַ ם ַבָֻֽ ה דב.;״ װז״ַ ם ַבָֻֽ ה דב¡ ֻד ״ בל ה׃ו וַֿ ֳבַ םזֿ ֵבםו.;1.2;1.96;s;p
ֳָֽר ֳה ֳ׃בד בל ַבַּׁ .;ֳָֽר ֳה ֳ׃בד בל ַבַּׁ ָב ֳה ֳ׃בד ַבָײַֹ .;1.4;2.16;s;p
ַב ַבדַֽ: ו׀ַ ּׁב דה ֶַבֹ דַֽצֹ .;ַב ַבדַֽ: ו׀ַ ּׁב דץַֽ דה ֶַבֹ דַֹֽ .;2;2.67;s;p
זבם דַֹֽ ֵָֿׁ ַבַודַד ַָבדֿםהֹ זַבדַֹֽ בל הַוַ .;זבם ֵָֿׁ ַבַודַד ַָבדֿםהֹ זַבדַֹֽ בל הַוַ .;1.6;3.21;s;p
ו׀ו ַבדזֹ ֿםֹ ם דזַםֿוַ .;ו׀ו ַבדזֹ ֿםֹ ם דזַםֿוַ זהּׂ ַבדַדבֹ ם ֳב דה ־ד׃ װֹׁ ֿםֹ .;2.2;2.37;s;p
בַ ַּזׂ ֹֿ ַבװׁםֹֽ ׃הדַׁ זַַֽֿ .;בַ ַּזֹׂ ֹֿ ַבװׁםֹֽ ׃הדַׁ זַַֽֿ ֵבַ ֳהוַ ״םהַ דבזדַ ֿםֹ .;1.8;2.09;s;p
ֽײׁ ַבֳד ַבֹ דה ַבֿם .;ֽײׁ ַבֳד ַבֹ דה ַבֿם ַב׀ם הו ָדה־ב ֿם .;1.8;2.56;s;p
בַ ֳּֿ ַֹֽׁ ם ַבהזד .;בַ ֳּֿ ַֹֽׁ ם ַבהזד ֵבַ ָזײ ַֹֽׁ םֿם ַבםדהל ֳ׃ב ֳׁ׃ם .;0.4;1.26;ns;np
ַֿ ֳָם ױֿםו ַבדׁםײ ם ַבדװל .;ַֿ ֳָם ױֿםו ַבדׁםײ ם ַבדװל¡ ֻד ַֿ ֵבל ַבָם דֶַָ.;1.6;2.24;s;np
ו׀ַ ַדב ז״ה הװם״ .;ַדב ַבהַ׃ דַ ָֽ ֳה םַדבז .;0;0.12;ns;np
